Species.Name,Order,Class,Length,Extinct
Towapteria intermedia,Pterioida,Bivalvia,2.4,1
Phestia hunanensis,Nuculanoida,Bivalvia,2.9,1
Phestia hunanensis,Nuculanoida,Bivalvia,2.9,1
Nuculopsis wymmensis,Nuculoida,Bivalvia,3.1,1
Hunanopecten exilis,Pectinoida,Bivalvia,3.3,1
Netschajewia elongata,Pholadomyoida,Bivalvia,3.3,1
Nuculopsis wymmensis,Nuculoida,Bivalvia,3.4,1
Phestia hunanensis,Nuculanoida,Bivalvia,3.5,1
Palaeolima sichuanensis,Limoida,Bivalvia,3.7,1
Hunanopecten qujiangensis,Pectinoida,Bivalvia,3.9,1
Hunanopecten exilis,Pectinoida,Bivalvia,4,1
Hunanopecten qujiangensis,Pectinoida,Bivalvia,4,1
Netschajewia fenghaiensis,Pholadomyoida,Bivalvia,4,1
Orientopecten fenghaiensis,Pectinoida,Bivalvia,4,1
Hunanopecten exilis,Pectinoida,Bivalvia,4.1,1
Hunanopecten qujiangensis,Pectinoida,Bivalvia,4.1,1
Netschajewia jiangsuensis,Pholadomyoida,Bivalvia,4.4,1
Bakevellia ceratophaga,Pterioida,Bivalvia,4.7,1
Hunanopecten qujiangensis,Pectinoida,Bivalvia,4.9,1
Hunanopecten exilis,Pectinoida,Bivalvia,5,1
Leptodesma (Leptodesma) gouldii,Pterioida,Bivalvia,5,1
Permophorus lunulus,Pholadomyoida,Bivalvia,5,1
Pyramus grandaeva,Pholadomyoida,Bivalvia,5,1
Hunanopecten exilis,Pectinoida,Bivalvia,5.1,1
Dyasmya elegans,Pholadomyoida,Bivalvia,5.2,1
Hunanopecten qujiangensis,Pectinoida,Bivalvia,5.2,1
Hunanopecten exilis,Pectinoida,Bivalvia,5.4,1
Wilkingia fengchengensis,Pholadomyoida,Bivalvia,5.4,1
Eoastarte primaeva,Trigonioida,Bivalvia,5.5,1
Hunanopecten qujiangensis,Pectinoida,Bivalvia,5.5,1
Hunanopecten qujiangensis,Pectinoida,Bivalvia,5.5,1
Orientopecten prosoclinus,Pectinoida,Bivalvia,5.5,1
Paraschizodus rothi,Trigonioida,Bivalvia,5.5,1
Wilkingia dubia,Pholadomyoida,Bivalvia,5.5,1
Bakevellia jiuzhaiensis,Pterioida,Bivalvia,5.7,1
Claraia primitiva,Pectinoida,Bivalvia,5.7,1
Ensipteria praeangusta,Pterioida,Bivalvia,5.7,1
Hunanopecten longauriculus,Pectinoida,Bivalvia,6,1
Nuculopsis trivialis,Nuculoida,Bivalvia,6,1
Tambanella guanshanensis,Pterioida,Bivalvia,6,1
Bakevellia ceratophaga,Pterioida,Bivalvia,6.2,1
Hunanopecten qujiangensis,Pectinoida,Bivalvia,6.2,1
Palaeolima sichuanensis,Limoida,Bivalvia,6.4,1
Etheripecten breviauriculatus,Pectinoida,Bivalvia,6.7,1
Hunanopecten exilis,Pectinoida,Bivalvia,6.8,1
Bakevellia jiuzhaiensis,Pterioida,Bivalvia,7,1
Claraia liuqiaoensis,Pectinoida,Bivalvia,7,0
Claraia liuqiaoensis,Pectinoida,Bivalvia,7,0
Etheripecten breviauriculatus,Pectinoida,Bivalvia,7,1
Leptochondria praecox,Pectinoida,Bivalvia,7,1
Orientopecten fenghaiensis,Pectinoida,Bivalvia,7,1
Orientopecten prosoclinus,Pectinoida,Bivalvia,7,1
Palaeoneilo qinzhouensis,Nuculoida,Bivalvia,7,0
Palaeoneilo qinzhouensis,Nuculoida,Bivalvia,7,0
Paraschizodus rothi,Trigonioida,Bivalvia,7,1
Tambanella guanshanensis,Pterioida,Bivalvia,7,1
Tambanella gujoensis,Pterioida,Bivalvia,7,1
Hunanopecten exilis,Pectinoida,Bivalvia,7.1,1
Tambanella shaodongensis,Pterioida,Bivalvia,7.2,1
Bakevellia jiuzhaiensis,Pterioida,Bivalvia,7.3,1
Etheripecten breviauriculatus,Pectinoida,Bivalvia,7.3,1
Hunanopecten exilis,Pectinoida,Bivalvia,7.4,1
Hunanopecten exilis,Pectinoida,Bivalvia,7.4,1
Hunanopecten qujiangensis,Pectinoida,Bivalvia,7.4,1
Myalinella acutirostris,Pterioida,Bivalvia,7.5,1
Orientopecten prosoclinus,Pectinoida,Bivalvia,7.5,1
Palaeolima dieneri,Limoida,Bivalvia,7.5,1
Paraschizodus rothi,Trigonioida,Bivalvia,7.5,1
Sanguinolites vetusta,Pholadomyoida,Bivalvia,7.5,1
Bakevellia gujoensis,Pterioida,Bivalvia,7.6,1
Palaeolima chekiangensis,Limoida,Bivalvia,7.6,1
Hunanopecten exilis,Pectinoida,Bivalvia,7.7,1
Hunanopecten longauriculus,Pectinoida,Bivalvia,7.7,1
Leptodesma (Leiopteria) zhangi,Pterioida,Bivalvia,7.7,1
Edmondia nebrascensis,Pholadomyoida,Bivalvia,7.8,1
Hunanopecten qujiangensis,Pectinoida,Bivalvia,7.8,1
Entolium piriformis,Pectinoida,Bivalvia,7.9,1
Hunanopecten exilis,Pectinoida,Bivalvia,7.9,1
Hunanopecten qujiangensis,Pectinoida,Bivalvia,7.9,1
Hunanopecten qujiangensis,Pectinoida,Bivalvia,7.9,1
Claraia liuqiaoensis,Pectinoida,Bivalvia,8,0
Euchondria fusuiensis,Pectinoida,Bivalvia,8,1
Nuculopsis ventricosa,Nuculoida,Bivalvia,8,1
Paraschizodus rothi,Trigonioida,Bivalvia,8,1
Phestia subacuta,Nuculanoida,Bivalvia,8,1
Streblochondria subpusilla,Pectinoida,Bivalvia,8,1
Liebea zhenanensis,Pterioida,Bivalvia,8.1,1
Claraia primitiva,Pectinoida,Bivalvia,8.2,1
Hunanopecten qujiangensis,Pectinoida,Bivalvia,8.2,1
Wilkingia dubia,Pholadomyoida,Bivalvia,8.2,1
Hunanopecten exilis,Pectinoida,Bivalvia,8.4,1
Paraschizodus rothi,Trigonioida,Bivalvia,8.5,1
Hunanopecten qujiangensis,Pectinoida,Bivalvia,8.6,1
Bakevellia jiuzhaiensis,Pterioida,Bivalvia,8.9,1
Hunanopecten qujiangensis,Pectinoida,Bivalvia,8.9,1
Permophorus tenuistriatus,Pholadomyoida,Bivalvia,8.9,1
Vacunella curvata,Pholadomyoida,Bivalvia,8.9,1
Claraia liuqiaoensis,Pectinoida,Bivalvia,9,0
Claraia liuqiaoensis,Pectinoida,Bivalvia,9,0
Etheripecten breviauriculatus,Pectinoida,Bivalvia,9,1
Gujocardita acuteplicata,Pholadomyoida,Bivalvia,9,1
Gujocardita oviformis,Pholadomyoida,Bivalvia,9,1
Palaeolima footei,Limoida,Bivalvia,9,1
Tambanella guanshanensis,Pterioida,Bivalvia,9,1
Tambanella guanshanensis,Pterioida,Bivalvia,9,1
Bakevellia ceratophaga,Pterioida,Bivalvia,9.2,1
Gujocardita oviformis,Pholadomyoida,Bivalvia,9.4,1
Astartella ambiensis,Carditoida,Bivalvia,9.5,1
Lyroschizodus praecox,Trigonioida,Bivalvia,9.5,1
Tambanella shaodongensis,Pterioida,Bivalvia,9.5,1
Hunanopecten exilis,Pectinoida,Bivalvia,9.6,1
Nuculopsis wymmensis,Nuculoida,Bivalvia,9.6,1
Hunanopecten qujiangensis,Pectinoida,Bivalvia,9.7,1
Hunanopecten qujiangensis,Pectinoida,Bivalvia,9.8,1
Pernopecten latangulatus,Pectinoida,Bivalvia,9.8,1
Atomodesma variabile,Pterioida,Bivalvia,10,1
Euchondria fusuiensis,Pectinoida,Bivalvia,10,1
Palaeolima footei,Limoida,Bivalvia,10,1
Bakevellia jiuzhaiensis,Pterioida,Bivalvia,10.3,1
Nuculopsis wymmensis,Nuculoida,Bivalvia,10.4,1
Heteropecten shiroshitai,Pectinoida,Bivalvia,10.5,1
Hunanopecten qujiangensis,Pectinoida,Bivalvia,10.6,1
Phestia zhejiangensis,Nuculanoida,Bivalvia,10.7,1
Tambanella gujoensis,Pterioida,Bivalvia,10.7,1
Gujocardita oviformis,Pholadomyoida,Bivalvia,10.8,1
Gujocardita oviformis,Pholadomyoida,Bivalvia,10.8,1
Hunanopecten exilis,Pectinoida,Bivalvia,10.8,1
Entolium piriformis,Pectinoida,Bivalvia,10.9,1
Astartella progenetrix,Carditoida,Bivalvia,11,1
Claraia labensis,Pectinoida,Bivalvia,11,1
Claraia labensis,Pectinoida,Bivalvia,11,1
Claraia labensis,Pectinoida,Bivalvia,11,1
Euchondria fusuiensis,Pectinoida,Bivalvia,11,1
Paraschizodus rothi,Trigonioida,Bivalvia,11,1
Bakevellia gujoensis,Pterioida,Bivalvia,11.2,1
Bakevellia ceratophaga,Pterioida,Bivalvia,11.3,1
Parallelodon laochangensis,Arcoida,Bivalvia,11.3,1
Pernopecten latangulatus,Pectinoida,Bivalvia,11.3,1
Hunanopecten exilis,Pectinoida,Bivalvia,11.5,1
Pernopecten symmetricus,Pectinoida,Bivalvia,11.5,1
Claraia primitiva,Pectinoida,Bivalvia,11.6,1
Gujocardita oviformis,Pholadomyoida,Bivalvia,11.7,1
Janeia elliptica,Solemyoida,Bivalvia,11.7,1
Parallelodon laochangensis,Arcoida,Bivalvia,11.7,1
Etheripecten breviauriculatus,Pectinoida,Bivalvia,11.8,1
Palaeolima xiangnanensis,Limoida,Bivalvia,11.8,1
Pernopecten huayingshanensis,Pectinoida,Bivalvia,11.8,1
Pernopecten latangulatus,Pectinoida,Bivalvia,11.8,1
Hunanopecten exilis,Pectinoida,Bivalvia,12,1
Lithodomina abbreviata,Mytiloida,Bivalvia,12,1
Lyroschizodus subelegans,Trigonioida,Bivalvia,12,1
Paraschizodus rothi,Trigonioida,Bivalvia,12,1
Paraschizodus rothi,Trigonioida,Bivalvia,12,1
Bakevellia ceratophaga,Pterioida,Bivalvia,12.3,1
Gujocardita oviformis,Pholadomyoida,Bivalvia,12.3,1
Hunanopecten exilis,Pectinoida,Bivalvia,12.4,1
Atomodesma woodi,Pterioida,Bivalvia,12.5,1
Myalinella acutirostris,Pterioida,Bivalvia,12.5,1
Hunanopecten longauriculus,Pectinoida,Bivalvia,12.8,1
Leptochondria intermedia,Pectinoida,Bivalvia,12.8,1
Cyrtorostra(?) subexoticus,Pectinoida,Bivalvia,13,1
Etheripecten fasciculicostatus,Pectinoida,Bivalvia,13,1
Euchondria fusuiensis,Pectinoida,Bivalvia,13,1
Gujocardita oviformis,Pholadomyoida,Bivalvia,13,1
Heteropecten shiroshitai,Pectinoida,Bivalvia,13,1
Parallelodon corbina,Arcoida,Bivalvia,13,1
Pyramus silicius,Pholadomyoida,Bivalvia,13,1
Bakevellia jiuzhaiensis,Pterioida,Bivalvia,13.2,1
Gujocardita oviformis,Pholadomyoida,Bivalvia,13.3,1
Pernopecten latangulatus,Pectinoida,Bivalvia,13.3,1
Leptochondria intermedia,Pectinoida,Bivalvia,13.5,1
Permophorus tenuistriatus,Pholadomyoida,Bivalvia,13.5,1
Entolium piriformis,Pectinoida,Bivalvia,13.6,1
Hunanopecten exilis,Pectinoida,Bivalvia,13.8,1
Bakevellia gujoensis,Pterioida,Bivalvia,14.3,1
Euchondria paucicostata,Pectinoida,Bivalvia,14.3,1
Parallelodon laochangensis,Arcoida,Bivalvia,14.4,1
Leptochondria intermedia,Pectinoida,Bivalvia,14.8,1
Pyramus planus,Pholadomyoida,Bivalvia,14.9,1
Euchondria fusuiensis,Pectinoida,Bivalvia,15,1
Eumorphotis lorigae,Pectinoida,Bivalvia,15,1
Plagiostoma(?) inversa,Limoida,Bivalvia,15,1
Schizodus schlotheimi,Trigonioida,Bivalvia,15,1
Leptochondria intermedia,Pectinoida,Bivalvia,15.1,1
Claraia primitiva,Pectinoida,Bivalvia,15.4,1
Etheripecten fasciculicostatus,Pectinoida,Bivalvia,15.5,1
Tambanella gujoensis,Pterioida,Bivalvia,15.5,1
Pernopecten symmetricus,Pectinoida,Bivalvia,15.7,1
Tambanella gujoensis,Pterioida,Bivalvia,15.7,1
Claraia liuqiaoensis,Pectinoida,Bivalvia,16,0
Claraia primitiva,Pectinoida,Bivalvia,16,1
Pernopecten latangulatus,Pectinoida,Bivalvia,16,1
Pyramus silicius,Pholadomyoida,Bivalvia,16,1
Claraia primitiva,Pectinoida,Bivalvia,16.4,1
Trabeculatia trabeculum,Pterioida,Bivalvia,16.5,1
Pernopecten latangulatus,Pectinoida,Bivalvia,16.6,1
Gujocardita oviformis,Pholadomyoida,Bivalvia,16.7,1
Sedgwickia guangdongensis,Pholadomyoida,Bivalvia,16.7,1
Atomodesma woodi,Pterioida,Bivalvia,17,1
Atomodesma woodi,Pterioida,Bivalvia,17,1
Dolponella sulcata,Pectinoida,Bivalvia,17,1
Entolium piriformis,Pectinoida,Bivalvia,17,1
Leptodesma (Leptodesma) chidruensis,Pterioida,Bivalvia,17,1
Lyroschizodus praecox,Trigonioida,Bivalvia,17,1
Pernopecten latangulatus,Pectinoida,Bivalvia,17.1,1
Bakevellia ceratophaga,Pterioida,Bivalvia,17.2,1
Paradoxipecten latisinus,Pectinoida,Bivalvia,17.2,1
Pernopecten symmetricus,Pectinoida,Bivalvia,17.2,1
Leptochondria intermedia,Pectinoida,Bivalvia,17.3,1
Tambanella gujoensis,Pterioida,Bivalvia,17.3,1
Tambanella gujoensis,Pterioida,Bivalvia,17.4,1
Leptochondria intermedia,Pectinoida,Bivalvia,17.5,1
Pyramus planus,Pholadomyoida,Bivalvia,17.8,1
Pyramus planus,Pholadomyoida,Bivalvia,17.9,1
Pyramus planus,Pholadomyoida,Bivalvia,17.9,1
Atomodesma woodi,Pterioida,Bivalvia,18,1
Heteropecten shiroshitai,Pectinoida,Bivalvia,18,1
Lithodomina typa,Mytiloida,Bivalvia,18,1
Tambanella gujoensis,Pterioida,Bivalvia,18,1
Pernopecten latangulatus,Pectinoida,Bivalvia,18.1,1
Parallelodon laochangensis,Arcoida,Bivalvia,18.4,1
Eumorphotis lorigae,Pectinoida,Bivalvia,18.7,1
Eumorphotis lorigae,Pectinoida,Bivalvia,19,1
Heteropecten shiroshitai,Pectinoida,Bivalvia,19,1
Heteropecten shiroshitai,Pectinoida,Bivalvia,19,1
Leptodesma (Leptodesma) chidruensis,Pterioida,Bivalvia,19,1
Pseudopermophorus complanatus,Pholadomyoida,Bivalvia,19,1
Pyramus silicius,Pholadomyoida,Bivalvia,19,1
Pernopecten zhutangensis,Pectinoida,Bivalvia,19.1,1
Paradoxipecten trigonalis,Pectinoida,Bivalvia,19.3,1
Trabeculatia trabeculum,Pterioida,Bivalvia,19.5,1
Pyramus planus,Pholadomyoida,Bivalvia,19.6,1
Atomodesma woodi,Pterioida,Bivalvia,20,1
Myalinella acutirostris,Pterioida,Bivalvia,20,1
Trabeculatia trabeculum,Pterioida,Bivalvia,20,1
Pyramus planus,Pholadomyoida,Bivalvia,20.4,1
Pyramus planus,Pholadomyoida,Bivalvia,20.4,1
Pyramus planus,Pholadomyoida,Bivalvia,20.6,1
Atomodesma semiplicata,Pterioida,Bivalvia,21,1
Dolponella sulcata,Pectinoida,Bivalvia,21,1
Heteropecten kathwaiensis,Pectinoida,Bivalvia,21,1
Trabeculatia trabeculum,Pterioida,Bivalvia,21,1
Wilkingia dubia,Pholadomyoida,Bivalvia,21,1
Claraia primitiva,Pectinoida,Bivalvia,21.1,1
Pernopecten zhutangensis,Pectinoida,Bivalvia,21.2,1
Claraia primitiva,Pectinoida,Bivalvia,21.3,1
Guizhoupecten regularis,Pectinoida,Bivalvia,21.4,1
Promytilus maiyensis,Mytiloida,Bivalvia,21.5,1
Pyramus planus,Pholadomyoida,Bivalvia,21.5,1
Dolponella sulcata,Pectinoida,Bivalvia,21.9,1
Netschajewia striatulus,Pholadomyoida,Bivalvia,22,1
Pyramus silicius,Pholadomyoida,Bivalvia,22,1
Trabeculatia trabeculum,Pterioida,Bivalvia,22,1
Paradoxipecten dalongensis,Pectinoida,Bivalvia,22.1,1
Xinanopecten orbicularis,Pectinoida,Bivalvia,22.1,1
Claraia primitiva,Pectinoida,Bivalvia,22.2,1
Claraia primitiva,Pectinoida,Bivalvia,22.4,1
Trabeculatia trabeculum,Pterioida,Bivalvia,22.5,1
Xinanopecten orbicularis,Pectinoida,Bivalvia,22.5,1
Palaeosolen(?) atavus,Pholadomyoida,Bivalvia,23,1
Pyramus planus,Pholadomyoida,Bivalvia,23,1
Trabeculatia trabeculum,Pterioida,Bivalvia,23,1
Xinanopecten orbicularis,Pectinoida,Bivalvia,23,1
Pyramus silicius,Pholadomyoida,Bivalvia,23.5,1
Trabeculatia trabeculum,Pterioida,Bivalvia,23.5,1
Claraia primitiva,Pectinoida,Bivalvia,23.9,1
Claraia primitiva,Pectinoida,Bivalvia,24,1
Trabeculatia trabeculum,Pterioida,Bivalvia,24,1
Claraia primitiva,Pectinoida,Bivalvia,24.9,1
Heteropecten shiroshitai,Pectinoida,Bivalvia,25,1
Myalinella acutirostris,Pterioida,Bivalvia,25,1
Myalinella(?) patriarchalis,Pterioida,Bivalvia,25,1
Parallelodon corbina,Arcoida,Bivalvia,25,1
Schizodus cardissa,Trigonioida,Bivalvia,25,1
Claraia primitiva,Pectinoida,Bivalvia,25.1,1
Paradoxipecten dalongensis,Pectinoida,Bivalvia,25.3,1
Claraia primitiva,Pectinoida,Bivalvia,25.4,1
Trabeculatia trabeculum,Pterioida,Bivalvia,25.5,1
Eumorphotis lorigae,Pectinoida,Bivalvia,25.8,1
Claraia labensis,Pectinoida,Bivalvia,26,1
Claraia labensis,Pectinoida,Bivalvia,26,1
Claraia labensis,Pectinoida,Bivalvia,26,1
Heteropecten shiroshitai,Pectinoida,Bivalvia,26,1
Pyramus planus,Pholadomyoida,Bivalvia,26,1
Trabeculatia trabeculum,Pterioida,Bivalvia,26,1
Claraia primitiva,Pectinoida,Bivalvia,26.1,1
Eumorphotis lorigae,Pectinoida,Bivalvia,26.8,1
Dolponella sulcata,Pectinoida,Bivalvia,27,1
Schizodus schlotheimi,Trigonioida,Bivalvia,27,1
Trabeculatia trabeculum,Pterioida,Bivalvia,27,1
Trabeculatia trabeculum,Pterioida,Bivalvia,27,1
Claraia primitiva,Pectinoida,Bivalvia,27.5,1
Pyramus silicius,Pholadomyoida,Bivalvia,27.5,1
Pyramus silicius,Pholadomyoida,Bivalvia,27.5,1
Eumorphotis lorigae,Pectinoida,Bivalvia,27.8,1
Claraia primitiva,Pectinoida,Bivalvia,28,1
Promytilus maiyensis,Mytiloida,Bivalvia,28,1
Eumorphotis lorigae,Pectinoida,Bivalvia,28.4,1
Eumorphotis lorigae,Pectinoida,Bivalvia,28.9,1
Schizodus dubiiformis,Trigonioida,Bivalvia,29,1
Trabeculatia trabeculum,Pterioida,Bivalvia,29,1
Trabeculatia trabeculum,Pterioida,Bivalvia,29.5,1
Claraia labensis,Pectinoida,Bivalvia,30,1
Claraia labensis,Pectinoida,Bivalvia,30,1
Claraia labensis,Pectinoida,Bivalvia,30,1
Fasciculiconcha orbicularis,Pectinoida,Bivalvia,30,1
Trabeculatia trabeculum,Pterioida,Bivalvia,30,1
Eumorphotis lorigae,Pectinoida,Bivalvia,30.4,1
Atomodesma exaratum,Pterioida,Bivalvia,33,1
Claraia labensis,Pectinoida,Bivalvia,33,1
Claraia labensis,Pectinoida,Bivalvia,33,1
Claraia labensis,Pectinoida,Bivalvia,33,1
Schizodus pinguis,Trigonioida,Bivalvia,33,1
Eumorphotis lorigae,Pectinoida,Bivalvia,33.5,1
Claraia labensis,Pectinoida,Bivalvia,34,1
Claraia labensis,Pectinoida,Bivalvia,34,1
Claraia labensis,Pectinoida,Bivalvia,34,1
Pyramus planus,Pholadomyoida,Bivalvia,35.9,1
Trabeculatia trabeculum,Pterioida,Bivalvia,36,1
Clavicosta rugatula,Pectinoida,Bivalvia,38,1
Dolponella sulcata,Pectinoida,Bivalvia,39,1
Dolponella sulcata,Pectinoida,Bivalvia,39.5,1
Claraia caucasica,Pectinoida,Bivalvia,40,1
Claraia caucasica,Pectinoida,Bivalvia,40,1
Dolponella sulcata,Pectinoida,Bivalvia,40,1
Trabeculatia trabeculum,Pterioida,Bivalvia,42,1
Dolponella sulcata,Pectinoida,Bivalvia,43,1
Permophorus imbricatus,Pholadomyoida,Bivalvia,43,1
Eumorphotis lorigae,Pectinoida,Bivalvia,43.2,1
Vacunella rostrata,Pholadomyoida,Bivalvia,44.3,1
Streblochondria subgranosus,Pectinoida,Bivalvia,46,1
Acanthopecten coloradoensis,Pectinoida,Bivalvia,46.7,1
Vacunella rostrata,Pholadomyoida,Bivalvia,47.4,1
Atomodesma variabile,Pterioida,Bivalvia,48,1
Trabeculatia trabeculum,Pterioida,Bivalvia,48,1
Schizodus compressus,Trigonioida,Bivalvia,50,1
Stutchburia trapezoidalis,Pholadomyoida,Bivalvia,50,1
Clavicosta rugatula,Pectinoida,Bivalvia,63,1
Trabeculatia trabeculum,Pterioida,Bivalvia,65,1
Intomodesma evenica,Pterioida,Bivalvia,72.7,1
Trabeculatia trabeculum,Pterioida,Bivalvia,75,1
Dolponella sulcata,Pectinoida,Bivalvia,82,1
Clavicosta rugatula,Pectinoida,Bivalvia,87,1
Intomodesma evenica,Pterioida,Bivalvia,92,1
Intomodesma balygytshanica,Pterioida,Bivalvia,128,1
Intomodesma balygytshanica,Pterioida,Bivalvia,130,1
Attenuatella mengi,Spiriferida,Rhynchonellata,1.7,1
Attenuatella mengi,Spiriferida,Rhynchonellata,1.8,1
Attenuatella mengi,Spiriferida,Rhynchonellata,2.6,1
Attenuatella mengi,Spiriferida,Rhynchonellata,2.8,1
Attenuatella mengi,Spiriferida,Rhynchonellata,2.9,1
Orbicoelia pusilla,Spiriferida,Rhynchonellata,3.1,1
Notothyris crassa,Terebratulida,Rhynchonellata,3.3,1
Attenuatella mengi,Spiriferida,Rhynchonellata,3.7,1
Attenuatella mengi,Spiriferida,Rhynchonellata,3.8,1
Attenuatella piyasini,Spiriferida,Rhynchonellata,3.8,1
Attenuatella mengi,Spiriferida,Rhynchonellata,3.9,1
Orbicoelia tschernyschewi,Spiriferida,Rhynchonellata,4,1
Orthotichia parva,Orthida,Rhynchonellata,4,1
Orbicoelia pusilla,Spiriferida,Rhynchonellata,4.4,1
Acosarina antesulcata,Orthida,Rhynchonellata,4.5,1
Orbicoelia dolomitensis,Spiriferida,Rhynchonellata,4.5,1
Orbicoelia dolomitensis,Spiriferida,Rhynchonellata,4.6,1
Orbicoelia dolomitensis,Spiriferida,Rhynchonellata,4.7,1
Cleiothyridina laqueata,Athyridida,Rhynchonellata,4.9,1
Uncinunellina tenuis,Rhynchonellida,Rhynchonellata,4.9,1
Orthotichia parva,Orthida,Rhynchonellata,5,1
Orbicoelia dolomitensis,Spiriferida,Rhynchonellata,5.1,1
Orbicoelia dolomitensis,Spiriferida,Rhynchonellata,5.2,1
Orbicoelia dolomitensis,Spiriferida,Rhynchonellata,5.3,1
Orbicoelia dolomitensis,Spiriferida,Rhynchonellata,5.4,1
Orbicoelia pusilla,Spiriferida,Rhynchonellata,5.4,1
Acosarina antesulcata,Orthida,Rhynchonellata,5.5,1
Notothyris crassa,Terebratulida,Rhynchonellata,5.5,1
Orbicoelia dolomitensis,Spiriferida,Rhynchonellata,5.6,1
Allorhynchus hunanensis,Rhynchonellida,Rhynchonellata,5.7,1
Heterelasmina pygmaea,Terebratulida,Rhynchonellata,5.7,1
Orbicoelia dolomitensis,Spiriferida,Rhynchonellata,5.7,1
Orbicoelia pusilla,Spiriferida,Rhynchonellata,5.7,1
Licharewina josephinae,Spiriferinida,Rhynchonellata,5.8,1
Orbicoelia dolomitensis,Spiriferida,Rhynchonellata,5.9,1
Rostranteris simplex,Terebratulida,Rhynchonellata,5.9,1
Heterelasmina pygmaea,Terebratulida,Rhynchonellata,6,1
Orbicoelia pusilla,Spiriferida,Rhynchonellata,6,1
Orthotichia parva,Orthida,Rhynchonellata,6,1
Wellerella arthaberi,Rhynchonellida,Rhynchonellata,6,1
Heterelasmina pygmaea,Terebratulida,Rhynchonellata,6.2,1
Hustedia grandicosta,Athyridida,Rhynchonellata,6.2,1
Orbicoelia dolomitensis,Spiriferida,Rhynchonellata,6.2,1
Orbicoelia dolomitensis,Spiriferida,Rhynchonellata,6.3,1
Prelissorhynchia pseudoutah,Rhynchonellida,Rhynchonellata,6.3,0
Orbicoelia tschernyschewi,Spiriferida,Rhynchonellata,6.4,1
Wellerella arthaberi,Rhynchonellida,Rhynchonellata,6.4,1
Acosarina antesulcata,Orthida,Rhynchonellata,6.5,1
Prelissorhynchia pseudoutah,Rhynchonellida,Rhynchonellata,6.5,0
Licharewina josephinae,Spiriferinida,Rhynchonellata,6.6,1
Orbicoelia dolomitensis,Spiriferida,Rhynchonellata,6.6,1
Heterelasmina pygmaea,Terebratulida,Rhynchonellata,6.7,1
Heterelasmina pygmaea,Terebratulida,Rhynchonellata,6.7,1
Wellerella arthaberi,Rhynchonellida,Rhynchonellata,6.7,1
Wellerellina extensa,Rhynchonellida,Rhynchonellata,6.7,1
Camarophorinella xiangnanensis,Rhynchonellida,Rhynchonellata,6.8,1
Heterelasmina pygmaea,Terebratulida,Rhynchonellata,6.8,1
Prelissorhynchia antearcus,Rhynchonellida,Rhynchonellata,6.8,1
Prelissorhynchia pseudoutah,Rhynchonellida,Rhynchonellata,6.8,0
Prelissorhynchia pseudoutah,Rhynchonellida,Rhynchonellata,6.9,0
Gefonia licharewi,Terebratulida,Rhynchonellata,7,1
Heterelasmina pygmaea,Terebratulida,Rhynchonellata,7,1
Hybostenoscisma bambusoides,Rhynchonellida,Rhynchonellata,7,1
Orbicoelia dolomitensis,Spiriferida,Rhynchonellata,7,1
Wellerella arthaberi,Rhynchonellida,Rhynchonellata,7,1
Camarophorinella huatangensis,Rhynchonellida,Rhynchonellata,7.1,1
Tautosia elegans,Rhynchonellida,Rhynchonellata,7.1,1
Wellerella arthaberi,Rhynchonellida,Rhynchonellata,7.1,1
Kotlaia strophiria,Orthida,Rhynchonellata,7.2,0
Notothyris crassa,Terebratulida,Rhynchonellata,7.2,1
Notothyris crassa,Terebratulida,Rhynchonellata,7.2,1
Orbicoelia dolomitensis,Spiriferida,Rhynchonellata,7.2,1
Tautosia elegans,Rhynchonellida,Rhynchonellata,7.2,1
Wellerella arthaberi,Rhynchonellida,Rhynchonellata,7.2,1
Wellerella arthaberi,Rhynchonellida,Rhynchonellata,7.2,1
Camarophorinella huatangensis,Rhynchonellida,Rhynchonellata,7.3,1
Camarophorinella xiangnanensis,Rhynchonellida,Rhynchonellata,7.3,1
Camarophorinella huatangensis,Rhynchonellida,Rhynchonellata,7.4,1
Heterelasmina pygmaea,Terebratulida,Rhynchonellata,7.4,1
Orbicoelia dolomitensis,Spiriferida,Rhynchonellata,7.4,1
Prelissorhynchia antearcus,Rhynchonellida,Rhynchonellata,7.4,1
Wellerella arthaberi,Rhynchonellida,Rhynchonellata,7.4,1
Orbicoelia pusilla,Spiriferida,Rhynchonellata,7.5,1
Prelissorhynchia triplicatioid,Rhynchonellida,Rhynchonellata,7.5,1
Camarophorinella leveni,Rhynchonellida,Rhynchonellata,7.6,1
Prelissorhynchia monoplicata,Rhynchonellida,Rhynchonellata,7.6,1
Prelissorhynchia tetraplicata,Rhynchonellida,Rhynchonellata,7.6,1
Transcaucasathyris araxensis,Athyridida,Rhynchonellata,7.7,1
Cyrolexis beccojectus,Rhynchonellida,Rhynchonellata,7.8,1
Cyrolexis beccojectus,Rhynchonellida,Rhynchonellata,7.8,1
Prelissorhynchia pseudoutah,Rhynchonellida,Rhynchonellata,7.9,0
Camarophorinella huatangensis,Rhynchonellida,Rhynchonellata,8,1
Camarophorinella leveni,Rhynchonellida,Rhynchonellata,8,1
Cleiothyridina pijaensis,Athyridida,Rhynchonellata,8,1
Notothyrina pontica,Terebratulida,Rhynchonellata,8,1
Notothyris crassa,Terebratulida,Rhynchonellata,8,1
Transcaucasathyris minor,Athyridida,Rhynchonellata,8,1
Uncinunellina tenuis,Rhynchonellida,Rhynchonellata,8,1
Wellerellina opima,Rhynchonellida,Rhynchonellata,8,1
Camarophorinella leveni,Rhynchonellida,Rhynchonellata,8.1,1
Enteletes hemiplicata,Orthida,Rhynchonellata,8.1,1
Prelissorhynchia pseudoutah,Rhynchonellida,Rhynchonellata,8.1,0
Wellerella arthaberi,Rhynchonellida,Rhynchonellata,8.1,1
Camarophorinella huatangensis,Rhynchonellida,Rhynchonellata,8.2,1
Camarophorinella leveni,Rhynchonellida,Rhynchonellata,8.2,1
Camarophorinella xiangnanensis,Rhynchonellida,Rhynchonellata,8.2,1
Camarophorinella zhongliangshanensis,Rhynchonellida,Rhynchonellata,8.3,1
Prelissorhynchia subrotunda,Rhynchonellida,Rhynchonellata,8.3,1
Notothyris crassa,Terebratulida,Rhynchonellata,8.4,1
Spirigerella teseroi,Athyridida,Rhynchonellata,8.4,1
Camarophorinella leveni,Rhynchonellida,Rhynchonellata,8.5,1
Permophricodothyris postgrandis,Spiriferida,Rhynchonellata,8.5,1
Enteletes dzhagrensis,Orthida,Rhynchonellata,8.6,1
Orbicoelia dolomitensis,Spiriferida,Rhynchonellata,8.6,1
Orbicoelia tschernyschewi,Spiriferida,Rhynchonellata,8.6,1
Enteletes dzhagrensis,Orthida,Rhynchonellata,8.7,1
Eolaballa pristina,Spiriferinida,Rhynchonellata,8.7,1
Wellerella arthaberi,Rhynchonellida,Rhynchonellata,8.7,1
Wellerellina chongqingensis,Rhynchonellida,Rhynchonellata,8.7,1
Gerassimovia abalakovi,Rhynchonellida,Rhynchonellata,8.8,1
Tautosia elegans,Rhynchonellida,Rhynchonellata,8.8,1
Orbicoelia dolomitensis,Spiriferida,Rhynchonellata,8.9,1
Camarophorinella leveni,Rhynchonellida,Rhynchonellata,9,1
Camarophorinella leveni,Rhynchonellida,Rhynchonellata,9,1
Orbicoelia dolomitensis,Spiriferida,Rhynchonellata,9,1
Orbicoelia flabelliformis,Spiriferida,Rhynchonellata,9,0
Reticulariina montana,Spiriferinida,Rhynchonellata,9,1
Reticulariina montana,Spiriferinida,Rhynchonellata,9,1
Wellerellina triplicata,Rhynchonellida,Rhynchonellata,9,1
Camarophorinella huatangensis,Rhynchonellida,Rhynchonellata,9.1,1
Notothyrina pontica,Terebratulida,Rhynchonellata,9.1,1
Kotlaia strophiria,Orthida,Rhynchonellata,9.2,0
Notothyrina pontica,Terebratulida,Rhynchonellata,9.2,1
Prelissorhynchia pseudoutah,Rhynchonellida,Rhynchonellata,9.2,0
Prelissorhynchia antearcus,Rhynchonellida,Rhynchonellata,9.3,1
Prelissorhynchia triplicatioid,Rhynchonellida,Rhynchonellata,9.3,1
Transcaucasathyris araxensis,Athyridida,Rhynchonellata,9.3,1
Uncinunellina tenuis,Rhynchonellida,Rhynchonellata,9.3,1
Enteletes hemiplicata,Orthida,Rhynchonellata,9.4,1
Glyptorhynchia lens,Rhynchonellida,Rhynchonellata,9.4,1
Pseudolabaia ovalis,Terebratulida,Rhynchonellata,9.4,1
Acosarina dorashamensis,Orthida,Rhynchonellata,9.5,1
Anchorhynchia sarciniformis,Rhynchonellida,Rhynchonellata,9.5,1
Araxathyris kandevani,Athyridida,Rhynchonellata,9.5,1
Cyrolexis beccojectus,Rhynchonellida,Rhynchonellata,9.5,1
Gerassimovia abalakovi,Rhynchonellida,Rhynchonellata,9.5,1
Janiceps bipartita,Athyridida,Rhynchonellata,9.5,1
Orbicoelia dolomitensis,Spiriferida,Rhynchonellata,9.5,1
Plekonella multicostata,Rhynchonellida,Rhynchonellata,9.5,1
Pteroplecta sulcata,Spiriferida,Rhynchonellata,9.5,1
Gerassimovia abalakovi,Rhynchonellida,Rhynchonellata,9.6,1
Kotlaia strophiria,Orthida,Rhynchonellata,9.6,0
Tarimathyris ovaloides,Athyridida,Rhynchonellata,9.7,1
Hustedia orbicostata,Athyridida,Rhynchonellata,9.8,1
Hustedia orbicostata,Athyridida,Rhynchonellata,9.9,1
Juxathyris rectimarginalis,Athyridida,Rhynchonellata,9.9,1
Anchorhynchia subpentagona,Rhynchonellida,Rhynchonellata,10,1
Camarophorinella leveni,Rhynchonellida,Rhynchonellata,10,1
Enteletes dzhagrensis,Orthida,Rhynchonellata,10,1
Martinia abrupta,Spiriferida,Rhynchonellata,10,1
Martinia warthi,Spiriferida,Rhynchonellata,10,1
Notothyrina pontica,Terebratulida,Rhynchonellata,10,1
Permophricodothyris guizhouensis,Spiriferida,Rhynchonellata,10,1
Plekonella multicostata,Rhynchonellida,Rhynchonellata,10,1
Uncinunellina timorensis,Rhynchonellida,Rhynchonellata,10,1
Uncinunellina timorensis,Rhynchonellida,Rhynchonellata,10,1
Enteletes dzhagrensis,Orthida,Rhynchonellata,10.1,1
Glyptorhynchia lens,Rhynchonellida,Rhynchonellata,10.1,1
Hybostenoscisma bambusoides,Rhynchonellida,Rhynchonellata,10.1,1
Orbicoelia tschernyschewi,Spiriferida,Rhynchonellata,10.1,1
Rostranteris ptychiventria,Terebratulida,Rhynchonellata,10.1,1
Squamularia formilla,Spiriferida,Rhynchonellata,10.1,1
Uncinunellina timorensis,Rhynchonellida,Rhynchonellata,10.1,1
Allorhynchus hunanensis,Rhynchonellida,Rhynchonellata,10.2,1
Notothyris bifoldes,Terebratulida,Rhynchonellata,10.2,1
Rostranteris ptychiventria,Terebratulida,Rhynchonellata,10.2,1
Araxathyris kandevani,Athyridida,Rhynchonellata,10.4,1
Gerassimovia abalakovi,Rhynchonellida,Rhynchonellata,10.4,1
Hybostenoscisma armenica,Rhynchonellida,Rhynchonellata,10.4,1
Janiceps peracuta,Athyridida,Rhynchonellata,10.4,1
Notothyris bifoldes,Terebratulida,Rhynchonellata,10.4,1
Plekonella multicostata,Rhynchonellida,Rhynchonellata,10.4,1
Juxathyris shuizhutangensis,Athyridida,Rhynchonellata,10.5,1
Omanilasma husseinii,Terebratulida,Rhynchonellata,10.5,1
Pteroplecta sulcata,Spiriferida,Rhynchonellata,10.5,1
Uncinunellina multicostifera,Rhynchonellida,Rhynchonellata,10.5,1
Fredericksolasma sublaevis,Terebratulida,Rhynchonellata,10.6,1
Janiceps peracuta,Athyridida,Rhynchonellata,10.6,1
Notothyrina pontica,Terebratulida,Rhynchonellata,10.6,1
Uncinunellina timorensis,Rhynchonellida,Rhynchonellata,10.6,1
Araxathyris kandevani,Athyridida,Rhynchonellata,10.7,1
Orbicoelia tschernyschewi,Spiriferida,Rhynchonellata,10.7,1
Plekonella multicostata,Rhynchonellida,Rhynchonellata,10.7,1
Zhongliangshania zhongliangshanensis,Terebratulida,Rhynchonellata,10.7,1
Gerassimovia abalakovi,Rhynchonellida,Rhynchonellata,10.8,1
Martinia abrupta,Spiriferida,Rhynchonellata,10.8,1
Notothyris pseudodjoulfensis,Terebratulida,Rhynchonellata,10.8,1
Camarophorinella zhongliangshanensis,Rhynchonellida,Rhynchonellata,10.9,1
Rhipidomella caucasica,Orthida,Rhynchonellata,10.9,1
Uncinunellina multicostifera,Rhynchonellida,Rhynchonellata,10.9,1
Cleiothyridina ambiguaeformis,Athyridida,Rhynchonellata,11,1
Notothyris djoulfensis,Terebratulida,Rhynchonellata,11,1
Zhongliangshania zhongliangshanensis,Terebratulida,Rhynchonellata,11,1
Notothyrina pontica,Terebratulida,Rhynchonellata,11.1,1
Allorhynchus hunanensis,Rhynchonellida,Rhynchonellata,11.2,1
Rostranteris ptychiventria,Terebratulida,Rhynchonellata,11.2,1
Tarimathyris ovaloides,Athyridida,Rhynchonellata,11.2,1
Tarimathyris ovaloides,Athyridida,Rhynchonellata,11.2,1
Squamularia formilla,Spiriferida,Rhynchonellata,11.3,1
Notothyrina pontica,Terebratulida,Rhynchonellata,11.4,1
Enteletes dzhagrensis,Orthida,Rhynchonellata,11.5,1
Enteletes dzhagrensis,Orthida,Rhynchonellata,11.5,1
Gerassimovia abalakovi,Rhynchonellida,Rhynchonellata,11.5,1
Plekonella multicostata,Rhynchonellida,Rhynchonellata,11.5,1
Hybostenoscisma bambusoides,Rhynchonellida,Rhynchonellata,11.6,1
Notothyris djoulfensis,Terebratulida,Rhynchonellata,11.6,1
Uncinunellina multicostifera,Rhynchonellida,Rhynchonellata,11.6,1
Acosarina avushensis,Orthida,Rhynchonellata,11.7,1
Juxathyris shuizhutangensis,Athyridida,Rhynchonellata,11.7,1
Martinia tongmuqiaoensis,Spiriferida,Rhynchonellata,11.7,1
Notothyris djoulfensis,Terebratulida,Rhynchonellata,11.7,1
Tarimathyris ovaloides,Athyridida,Rhynchonellata,11.8,1
Terebratuloidea depressa,Rhynchonellida,Rhynchonellata,11.9,1
Acosarina antesulcata,Orthida,Rhynchonellata,12,1
Notothyris minuta,Terebratulida,Rhynchonellata,12,1
Notothyris pseudodjoulfensis,Terebratulida,Rhynchonellata,12,1
Notothyris pseudodjoulfensis,Terebratulida,Rhynchonellata,12,1
Pteroplecta sulcata,Spiriferida,Rhynchonellata,12,1
Reticulariina montana,Spiriferinida,Rhynchonellata,12,1
Uncinunellina multicostifera,Rhynchonellida,Rhynchonellata,12,1
Comelicothyris laterosulcata,Athyridida,Rhynchonellata,12.1,1
Gefonia licharewi,Terebratulida,Rhynchonellata,12.1,1
Martinia abrupta,Spiriferida,Rhynchonellata,12.1,1
Notothyris pseudodjoulfensis,Terebratulida,Rhynchonellata,12.1,1
Uncinunellina timorensis,Rhynchonellida,Rhynchonellata,12.2,1
Comelicothyris laterosulcata,Athyridida,Rhynchonellata,12.3,1
Uncinunellina multicostifera,Rhynchonellida,Rhynchonellata,12.3,1
Enteletes lateroplicatus,Orthida,Rhynchonellata,12.4,1
Gerassimovia abalakovi,Rhynchonellida,Rhynchonellata,12.4,1
Plekonella multicostata,Rhynchonellida,Rhynchonellata,12.4,1
Tarimathyris discusella,Athyridida,Rhynchonellata,12.4,1
Acosarina antesulcata,Orthida,Rhynchonellata,12.5,1
Ambikella undulosina,Spiriferida,Rhynchonellata,12.5,1
Janiceps peracuta,Athyridida,Rhynchonellata,12.5,1
Notothyris djoulfensis,Terebratulida,Rhynchonellata,12.5,1
Transcaucasathyris araxensis,Athyridida,Rhynchonellata,12.5,1
Araxathyris kandevani,Athyridida,Rhynchonellata,12.6,1
Hybostenoscisma armenica,Rhynchonellida,Rhynchonellata,12.6,1
Juxathyris shuizhutangensis,Athyridida,Rhynchonellata,12.6,1
Notothyris djoulfensis,Terebratulida,Rhynchonellata,12.6,1
Tarimathyris ovaloides,Athyridida,Rhynchonellata,12.6,1
Notothyris djoulfensis,Terebratulida,Rhynchonellata,12.7,1
Hybostenoscisma armenica,Rhynchonellida,Rhynchonellata,12.8,1
Janiceps peracuta,Athyridida,Rhynchonellata,12.8,1
Terebratuloidea depressa,Rhynchonellida,Rhynchonellata,12.8,1
Acosarina dorashamensis,Orthida,Rhynchonellata,12.9,1
Enteletes dzhagrensis,Orthida,Rhynchonellata,12.9,1
Chivatschella orotschensis,Rhynchonellida,Rhynchonellata,13,1
Gefonia plicata,Terebratulida,Rhynchonellata,13,1
Gerassimovia pamirica,Rhynchonellida,Rhynchonellata,13,1
Gundarolasmina schucherti,Terebratulida,Rhynchonellata,13,1
Hybostenoscisma bambusoides,Rhynchonellida,Rhynchonellata,13,1
Janiceps papilio,Athyridida,Rhynchonellata,13,1
Janiceps peracuta,Athyridida,Rhynchonellata,13,1
Plekonella multicostata,Rhynchonellida,Rhynchonellata,13,1
Gefonia licharewi,Terebratulida,Rhynchonellata,13.1,1
Gefonia licharewi,Terebratulida,Rhynchonellata,13.2,1
Maorielasma callosum,Terebratulida,Rhynchonellata,13.3,1
Martinia warthi,Spiriferida,Rhynchonellata,13.3,1
Gefonia plicata,Terebratulida,Rhynchonellata,13.5,1
Gefonia plicata,Terebratulida,Rhynchonellata,13.5,1
Martinia martinezi,Spiriferida,Rhynchonellata,13.5,1
Rectambitus subpentangulatus,Athyridida,Rhynchonellata,13.5,1
Juxathyris bisulcata,Athyridida,Rhynchonellata,13.7,1
Notothyris pseudodjoulfensis,Terebratulida,Rhynchonellata,13.7,1
Uncinunellina timorensis,Rhynchonellida,Rhynchonellata,13.7,1
Acosarina dorashamensis,Orthida,Rhynchonellata,13.9,1
Gerassimovia pamirica,Rhynchonellida,Rhynchonellata,13.9,1
Notothyris pseudodjoulfensis,Terebratulida,Rhynchonellata,13.9,1
Tarimathyris beipeiensis,Athyridida,Rhynchonellata,13.9,1
Cleiothyridina accoliformis,Athyridida,Rhynchonellata,14,1
Cleiothyridina pijaensis,Athyridida,Rhynchonellata,14,1
Gefonia plicata,Terebratulida,Rhynchonellata,14,1
Mimaria lepton,Terebratulida,Rhynchonellata,14.2,1
Comelicothyris recticardinis,Athyridida,Rhynchonellata,14.3,1
Enteletes meridionalis,Orthida,Rhynchonellata,14.3,1
Uncinunellina timorensis,Rhynchonellida,Rhynchonellata,14.3,1
Juxathyris shuizhutangensis,Athyridida,Rhynchonellata,14.4,1
Tarimathyris discusella,Athyridida,Rhynchonellata,14.4,1
Omanilasma husseinii,Terebratulida,Rhynchonellata,14.5,1
Gerassimovia pamirica,Rhynchonellida,Rhynchonellata,14.6,1
Gerassimovia pamirica,Rhynchonellida,Rhynchonellata,14.6,1
Janiceps papilio,Athyridida,Rhynchonellata,14.6,1
Sichuanothyris dapaichongensis,Terebratulida,Rhynchonellata,14.6,1
Sichuanothyris dapaichongensis,Terebratulida,Rhynchonellata,14.6,1
Enteletes meridionalis,Orthida,Rhynchonellata,14.7,1
Janiceps cadorica,Athyridida,Rhynchonellata,14.7,1
Omanilasma husseinii,Terebratulida,Rhynchonellata,14.7,1
Juxathyris guizhouensis,Athyridida,Rhynchonellata,14.8,1
Juxathyris guizhouensis,Athyridida,Rhynchonellata,14.8,1
Janiceps cadorica,Athyridida,Rhynchonellata,14.9,1
Juxathyris guizhouensis,Athyridida,Rhynchonellata,14.9,1
Syrella plodowskii,Spiriferinida,Rhynchonellata,15,1
Uncinunellina multicostifera,Rhynchonellida,Rhynchonellata,15,1
Gerassimovia pamirica,Rhynchonellida,Rhynchonellata,15.2,1
Spirigerella simplex,Athyridida,Rhynchonellata,15.2,1
Gruntea grunti,Athyridida,Rhynchonellata,15.3,1
Juxathyris bisulcata,Athyridida,Rhynchonellata,15.3,1
Transcaucasathyris araxensis,Athyridida,Rhynchonellata,15.3,1
Gerassimovia pamirica,Rhynchonellida,Rhynchonellata,15.4,1
Janiceps peracuta,Athyridida,Rhynchonellata,15.4,1
Martinia warthi,Spiriferida,Rhynchonellata,15.4,1
Enteletes lateroplicatus,Orthida,Rhynchonellata,15.5,1
Janiceps cadorica,Athyridida,Rhynchonellata,15.5,1
Juxathyris bisulcata,Athyridida,Rhynchonellata,15.5,1
Martinia warthi,Spiriferida,Rhynchonellata,15.5,1
Gerassimovia pamirica,Rhynchonellida,Rhynchonellata,15.7,1
Rhipidomella subcircularis,Orthida,Rhynchonellata,15.7,1
Sichuanothyris dapaichongensis,Terebratulida,Rhynchonellata,15.7,1
Enteletes bisulcata,Orthida,Rhynchonellata,16,1
Ingelarella parallela,Spiriferida,Rhynchonellata,16,1
Mimaria lepton,Terebratulida,Rhynchonellata,16.2,1
Spirigerella simplex,Athyridida,Rhynchonellata,16.3,1
Gruntea grunti,Athyridida,Rhynchonellata,16.37,1
Chivatschella orotschensis,Rhynchonellida,Rhynchonellata,16.5,1
Janiceps cadorica,Athyridida,Rhynchonellata,16.5,1
Martinia tongmuqiaoensis,Spiriferida,Rhynchonellata,16.5,1
Eliva depressa,Spiriferida,Rhynchonellata,16.8,1
Janiceps cadorica,Athyridida,Rhynchonellata,16.9,1
Juxathyris guizhouensis,Athyridida,Rhynchonellata,16.9,1
Enteletes meridionalis,Orthida,Rhynchonellata,17,1
Gundarolasmina schucherti,Terebratulida,Rhynchonellata,17,1
Mimaria lepton,Terebratulida,Rhynchonellata,17,1
Cartorhium xikouensis,Spiriferida,Rhynchonellata,17.1,1
Comelicothyris recticardinis,Athyridida,Rhynchonellata,17.1,1
Janiceps cadorica,Athyridida,Rhynchonellata,17.4,1
Mimaria lepton,Terebratulida,Rhynchonellata,17.4,1
Mimaria lepton,Terebratulida,Rhynchonellata,17.5,1
Pseudolabaia exilis,Terebratulida,Rhynchonellata,17.5,1
Pteroplecta laminatus,Spiriferida,Rhynchonellata,17.5,1
Enteletes asymmatrosis,Orthida,Rhynchonellata,17.6,1
Mimaria lepton,Terebratulida,Rhynchonellata,17.6,1
Enteletella nikschitchi,Orthida,Rhynchonellata,17.8,1
Juxathyris bisulcata,Athyridida,Rhynchonellata,17.9,1
Peltichia transversa,Orthida,Rhynchonellata,17.9,1
Araxathyris undulata,Athyridida,Rhynchonellata,18,1
Janiceps papilio,Athyridida,Rhynchonellata,18,1
Orbicoelia cordata,Spiriferida,Rhynchonellata,18,1
Squamularia formilla,Spiriferida,Rhynchonellata,18,1
Syrella plodowskii,Spiriferinida,Rhynchonellata,18,1
Janiceps peracuta,Athyridida,Rhynchonellata,18.2,1
Mimaria lepton,Terebratulida,Rhynchonellata,18.2,1
Mimaria lepton,Terebratulida,Rhynchonellata,18.2,1
Gruntea grunti,Athyridida,Rhynchonellata,18.44,1
Comelicothyris recticardinis,Athyridida,Rhynchonellata,18.5,1
Janiceps cadorica,Athyridida,Rhynchonellata,18.5,1
Janiceps cadorica,Athyridida,Rhynchonellata,18.5,1
Janiceps papilio,Athyridida,Rhynchonellata,18.5,1
Acosarina avushensis,Orthida,Rhynchonellata,18.6,1
Eolaballa pristina,Spiriferinida,Rhynchonellata,18.7,1
Gundarolasmina schucherti,Terebratulida,Rhynchonellata,18.8,1
Ambikella himalayanicus,Spiriferida,Rhynchonellata,19,1
Gruntallina triangularis,Athyridida,Rhynchonellata,19,1
Peltichia transversa,Orthida,Rhynchonellata,19.3,1
Gruntea grunti,Athyridida,Rhynchonellata,19.34,1
Anchorhynchia grandis,Rhynchonellida,Rhynchonellata,19.4,1
Janiceps peracuta,Athyridida,Rhynchonellata,19.4,1
Martinia rupicola,Spiriferida,Rhynchonellata,19.4,1
Acosarina antesulcata,Orthida,Rhynchonellata,19.5,1
Acosarina avushensis,Orthida,Rhynchonellata,19.5,1
Cleiothyridina accoliformis,Athyridida,Rhynchonellata,19.5,1
Comelicothyris recticardinis,Athyridida,Rhynchonellata,19.5,1
Ingelarella parallela,Spiriferida,Rhynchonellata,19.5,1
Janiceps peracuta,Athyridida,Rhynchonellata,19.5,1
Pteroplecta laminatus,Spiriferida,Rhynchonellata,19.5,1
Janiceps cadorica,Athyridida,Rhynchonellata,19.6,1
Comelicothyris recticardinis,Athyridida,Rhynchonellata,19.7,1
Gruntea grunti,Athyridida,Rhynchonellata,19.85,1
Gruntea grunti,Athyridida,Rhynchonellata,19.97,1
Ambikella undulosina,Spiriferida,Rhynchonellata,20,1
Araxathyris felina,Athyridida,Rhynchonellata,20,1
Cleiothyridina accoliformis,Athyridida,Rhynchonellata,20,1
Janiceps cadorica,Athyridida,Rhynchonellata,20,1
Janiceps papilio,Athyridida,Rhynchonellata,20.1,1
Rectambitus subpentangulatus,Athyridida,Rhynchonellata,20.1,1
Janiceps peracuta,Athyridida,Rhynchonellata,20.3,1
Comelicania merlai,Athyridida,Rhynchonellata,20.5,1
Enteletes meridionalis,Orthida,Rhynchonellata,20.7,1
Janiceps cadorica,Athyridida,Rhynchonellata,20.7,1
Comelicothyris recticardinis,Athyridida,Rhynchonellata,20.8,1
Spiriferellina vercherei,Spiriferinida,Rhynchonellata,21,1
Janiceps peracuta,Athyridida,Rhynchonellata,21.1,1
Rhipidomella caucasica,Orthida,Rhynchonellata,21.1,1
Juxathyris bisulcata,Athyridida,Rhynchonellata,21.2,1
Dielasma sulcatum,Terebratulida,Rhynchonellata,21.3,1
Janiceps peracuta,Athyridida,Rhynchonellata,21.4,1
Cleiothyridina pijaensis,Athyridida,Rhynchonellata,21.5,1
Mimaria lepton,Terebratulida,Rhynchonellata,21.6,1
Pseudolabaia ovalis,Terebratulida,Rhynchonellata,21.9,1
Cleiothyridina pijaensis,Athyridida,Rhynchonellata,22,1
Gruntallina triangularis,Athyridida,Rhynchonellata,22,1
Gruntallina triangularis,Athyridida,Rhynchonellata,22,1
Pseudolabaia praepinguis,Terebratulida,Rhynchonellata,22,1
Pteroplecta sulcata,Spiriferida,Rhynchonellata,22,1
Anchorhynchia grandis,Rhynchonellida,Rhynchonellata,22.1,1
Janiceps peracuta,Athyridida,Rhynchonellata,22.5,1
Janiceps cadorica,Athyridida,Rhynchonellata,22.7,1
Araxathyris felina,Athyridida,Rhynchonellata,22.8,1
Janiceps cadorica,Athyridida,Rhynchonellata,22.8,1
Janiceps papilio,Athyridida,Rhynchonellata,22.9,1
Rectambitus subpentangulatus,Athyridida,Rhynchonellata,22.9,1
Cleiothyridina echidniformis,Athyridida,Rhynchonellata,23,1
Comelicothyris recticardinis,Athyridida,Rhynchonellata,23,1
Janiceps cadorica,Athyridida,Rhynchonellata,23,1
Janiceps cadorica,Athyridida,Rhynchonellata,23.1,1
Martinia rupicola,Spiriferida,Rhynchonellata,23.1,1
Comelicothyris recticardinis,Athyridida,Rhynchonellata,23.6,1
Gruntea grunti,Athyridida,Rhynchonellata,23.61,1
Cleiothyridina accoliformis,Athyridida,Rhynchonellata,24,1
Orthotichia derbyi,Orthida,Rhynchonellata,24,1
Syrella plodowskii,Spiriferinida,Rhynchonellata,24,1
Martinia rupicola,Spiriferida,Rhynchonellata,24.3,1
Pseudolabaia tumita,Terebratulida,Rhynchonellata,24.3,1
Gruntea grunti,Athyridida,Rhynchonellata,24.33,1
Cleiothyridina accoliformis,Athyridida,Rhynchonellata,24.5,1
Spiriferella nepalensis,Spiriferida,Rhynchonellata,24.5,1
Martinia rupicola,Spiriferida,Rhynchonellata,24.7,1
Rhipidomella hessensis,Orthida,Rhynchonellata,24.7,1
Araxathyris protea,Athyridida,Rhynchonellata,25,1
Hoskingia prolonga,Terebratulida,Rhynchonellata,25,1
Maorielasma callosum,Terebratulida,Rhynchonellata,25,1
Martiniopsis inflata,Spiriferida,Rhynchonellata,25,1
Permophricodothyris postgrandis,Spiriferida,Rhynchonellata,25,1
Pseudolabaia tumita,Terebratulida,Rhynchonellata,25,1
Pteroplecta sulcata,Spiriferida,Rhynchonellata,25,1
Syrella plodowskii,Spiriferinida,Rhynchonellata,25,1
Syrella plodowskii,Spiriferinida,Rhynchonellata,25,1
Syrella plodowskii,Spiriferinida,Rhynchonellata,25,1
Janiceps cadorica,Athyridida,Rhynchonellata,25.3,1
Comelicothyris recticardinis,Athyridida,Rhynchonellata,25.5,1
Janiceps cadorica,Athyridida,Rhynchonellata,25.6,1
Comelicothyris laterosulcata,Athyridida,Rhynchonellata,25.8,1
Pseudolabaia tumita,Terebratulida,Rhynchonellata,25.8,1
Janiceps papilio,Athyridida,Rhynchonellata,25.9,1
Cleiothyridina echidniformis,Athyridida,Rhynchonellata,26,1
Enteletella nikschitchi,Orthida,Rhynchonellata,26,1
Ingelarella parallela,Spiriferida,Rhynchonellata,26,1
Maorielasma campbelli,Terebratulida,Rhynchonellata,26,1
Araxathyris felina,Athyridida,Rhynchonellata,26.3,1
Comelicothyris recticardinis,Athyridida,Rhynchonellata,26.4,1
Janiceps cadorica,Athyridida,Rhynchonellata,26.4,1
Martinia periquadrata,Spiriferida,Rhynchonellata,26.4,1
Permophricodothyris iranica,Spiriferida,Rhynchonellata,26.5,1
Araxathyris protea,Athyridida,Rhynchonellata,26.6,1
Rectambitus subpentangulatus,Athyridida,Rhynchonellata,26.6,1
Janiceps cadorica,Athyridida,Rhynchonellata,26.7,1
Martinia rupicola,Spiriferida,Rhynchonellata,26.8,1
Enteletes lateroplicatus,Orthida,Rhynchonellata,27,1
Hoskingia dieneri,Terebratulida,Rhynchonellata,27,1
Ingelarella parallela,Spiriferida,Rhynchonellata,27,1
Ingelarella parallela,Spiriferida,Rhynchonellata,27,1
Janiceps cadorica,Athyridida,Rhynchonellata,27,1
Pseudolabaia difforma,Terebratulida,Rhynchonellata,27,1
Pteroplecta laminatus,Spiriferida,Rhynchonellata,27,1
Spirigerella media,Athyridida,Rhynchonellata,27,1
Composita mexicana,Athyridida,Rhynchonellata,27.1,1
Comelicothyris recticardinis,Athyridida,Rhynchonellata,27.2,1
Janiceps papilio,Athyridida,Rhynchonellata,27.2,1
Ambikella undulosina,Spiriferida,Rhynchonellata,27.5,1
Fredericksolasma nummulus,Terebratulida,Rhynchonellata,27.5,1
Pseudolabaia costalliformis,Terebratulida,Rhynchonellata,27.9,1
Janiceps bipartita,Athyridida,Rhynchonellata,28.5,1
Comelicothyris laterosulcata,Athyridida,Rhynchonellata,28.6,1
Cleiothyridina pijaensis,Athyridida,Rhynchonellata,29,1
Janiceps papilio,Athyridida,Rhynchonellata,29.4,1
Hoskingia dieneri,Terebratulida,Rhynchonellata,29.5,1
Permophricodothyris squamularioides,Spiriferida,Rhynchonellata,29.6,1
Cleiothyridina accoliformis,Athyridida,Rhynchonellata,30,1
Ingelarella parallela,Spiriferida,Rhynchonellata,30,1
Squamularia umbonalis,Spiriferida,Rhynchonellata,30,1
Peltichia ruzhencevi,Orthida,Rhynchonellata,30.2,1
Spirigerella fusiformis,Athyridida,Rhynchonellata,30.5,1
Araxathyris protea,Athyridida,Rhynchonellata,30.8,1
Cleiothyridina subexpansa,Athyridida,Rhynchonellata,31,1
Ingelarella parallela,Spiriferida,Rhynchonellata,31,1
Araxathyris felina,Athyridida,Rhynchonellata,32,1
Araxathyris protea,Athyridida,Rhynchonellata,32,1
Spiriferella nepalensis,Spiriferida,Rhynchonellata,32,1
Enteletes acuteplicatus,Orthida,Rhynchonellata,33,1
Ingelarella parallela,Spiriferida,Rhynchonellata,33,1
Spiriferella nepalensis,Spiriferida,Rhynchonellata,33,1
Permophricodothyris waageni,Spiriferida,Rhynchonellata,33.1,1
Pseudolabaia tumita,Terebratulida,Rhynchonellata,34,1
Syrella plodowskii,Spiriferinida,Rhynchonellata,34,1
Syrella plodowskii,Spiriferinida,Rhynchonellata,34,1
Permophricodothyris iranica,Spiriferida,Rhynchonellata,34.6,1
Spiriferella nepalensis,Spiriferida,Rhynchonellata,35,1
Spiriferella sinica,Spiriferida,Rhynchonellata,35,1
Comelicania merlai,Athyridida,Rhynchonellata,35.6,1
Peltichia ruzhencevi,Orthida,Rhynchonellata,35.7,1
Cleiothyridina accoliformis,Athyridida,Rhynchonellata,36,1
Spiriferella nepalensis,Spiriferida,Rhynchonellata,36,1
Comelicothyris recticardinis,Athyridida,Rhynchonellata,36.6,1
Cleiothyridina pijaensis,Athyridida,Rhynchonellata,37,1
Permophricodothyris postgrandis,Spiriferida,Rhynchonellata,37,1
Tongzithyris extensa,Athyridida,Rhynchonellata,37.6,1
Tongzithyris sichuanensis,Athyridida,Rhynchonellata,38,1
Cleiothyridina accoliformis,Athyridida,Rhynchonellata,38.5,1
Spiriferella nepalensis,Spiriferida,Rhynchonellata,38.9,1
Spiriferella sinica,Spiriferida,Rhynchonellata,38.9,1
Janiceps bipartita,Athyridida,Rhynchonellata,39,1
Spiriferella nepalensis,Spiriferida,Rhynchonellata,39.9,1
Spiriferella nepalensis,Spiriferida,Rhynchonellata,40,1
Syrella plodowskii,Spiriferinida,Rhynchonellata,40,1
Peltichia ruzhencevi,Orthida,Rhynchonellata,40.3,1
Comelicania merlai,Athyridida,Rhynchonellata,41,1
Comelicania merlai,Athyridida,Rhynchonellata,41,1
Permophricodothyris ovata,Spiriferida,Rhynchonellata,41,1
Peltichia transversa,Orthida,Rhynchonellata,41.5,1
Permophricodothyris iranica,Spiriferida,Rhynchonellata,42,1
Spiriferella nepalensis,Spiriferida,Rhynchonellata,42,1
Spiriferella nepalensis,Spiriferida,Rhynchonellata,42,1
Martiniopsis inflata,Spiriferida,Rhynchonellata,43,1
Permophricodothyris caroli,Spiriferida,Rhynchonellata,44,1
Permophricodothyris postgrandis,Spiriferida,Rhynchonellata,44,1
Spiriferella nepalensis,Spiriferida,Rhynchonellata,44,1
Spiriferella nepalensis,Spiriferida,Rhynchonellata,44,1
Spiriferella sinica,Spiriferida,Rhynchonellata,45,1
Spiriferella nepalensis,Spiriferida,Rhynchonellata,46,1
Spiriferella nepalensis,Spiriferida,Rhynchonellata,46,1
Comelicania merlai,Athyridida,Rhynchonellata,46.2,1
Comelicania merlai,Athyridida,Rhynchonellata,47,1
Martiniopsis inflata,Spiriferida,Rhynchonellata,47,1
Spiriferella nepalensis,Spiriferida,Rhynchonellata,48,1
Spiriferella nepalensis,Spiriferida,Rhynchonellata,49,1
Permophricodothyris postgrandis,Spiriferida,Rhynchonellata,50,1
Permophricodothyris ovata,Spiriferida,Rhynchonellata,50.5,1
Tongzithyris extensa,Athyridida,Rhynchonellata,51.3,1
Peltichia kwangtungensis,Orthida,Rhynchonellata,52,1
Spiriferella nepalensis,Spiriferida,Rhynchonellata,54,1
Permophricodothyris iranica,Spiriferida,Rhynchonellata,54.6,1
Hoskingia dieneri,Terebratulida,Rhynchonellata,55,1
Marinurnula(?) chivatschense,Terebratulida,Rhynchonellata,57,1
Permophricodothyris postgrandis,Spiriferida,Rhynchonellata,60,1
Permophricodothyris ovata,Spiriferida,Rhynchonellata,62,1
Spiriferella nepalensis,Spiriferida,Rhynchonellata,63,1
Spiriferella nepalensis,Spiriferida,Rhynchonellata,64,1
Permophricodothyris inaequilateralis,Spiriferida,Rhynchonellata,66.4,1
Spiriferella nepalensis,Spiriferida,Rhynchonellata,68,1
Neochonetes (Huangichonetes) geniculatus,Productida,Strophomenata,2.01,1
Neochonetes (Huangichonetes) geniculatus,Productida,Strophomenata,2.4,1
Paryphella orbicularis,Productida,Strophomenata,2.8,0
Spinomarginifera semicircridge,Productida,Strophomenata,2.8,1
Neochonetes (Zhongyingia) linshuiensis,Productida,Strophomenata,2.84,1
Paryphella orbicularis,Productida,Strophomenata,3,0
Neochonetes (Zhongyingia) linshuiensis,Productida,Strophomenata,3.08,1
Spinomarginifera semicircridge,Productida,Strophomenata,3.1,1
Paryphella orbicularis,Productida,Strophomenata,3.2,0
Quinquenella kuwaensis,Productida,Strophomenata,3.2,1
Quinquenella kuwaensis,Productida,Strophomenata,3.2,1
Spinomarginifera semicircridge,Productida,Strophomenata,3.2,1
Tethyochonetes longtanensis,Productida,Strophomenata,3.2,0
Neochonetes (Huangichonetes) cursothornia,Productida,Strophomenata,3.3,1
Neochonetes (Zhongyingia) linshuiensis,Productida,Strophomenata,3.4,1
Quinquenella kuwaensis,Productida,Strophomenata,3.4,1
Spinomarginifera semicircridge,Productida,Strophomenata,3.5,1
Spinomarginifera semicircridge,Productida,Strophomenata,3.5,1
Spinomarginifera semicircridge,Productida,Strophomenata,3.7,1
Neochonetes (Zhongyingia) linshuiensis,Productida,Strophomenata,3.75,1
Filiconcha auricula,Productida,Strophomenata,4,1
Quinquenella kuwaensis,Productida,Strophomenata,4,1
Falafer fusuiensis,Productida,Strophomenata,4.1,1
Neochonetes (Huangichonetes) geniculatus,Productida,Strophomenata,4.25,1
Neochonetes (Huangichonetes) cursothornia,Productida,Strophomenata,4.3,1
Neochonetes (Zhongyingia) linshuiensis,Productida,Strophomenata,4.3,1
Paryphella orbicularis,Productida,Strophomenata,4.3,0
Spinomarginifera semicircridge,Productida,Strophomenata,4.3,1
Nisalaria inflata,Productida,Strophomenata,4.4,1
Nisalaria inflata,Productida,Strophomenata,4.4,1
Quinquenella kuwaensis,Productida,Strophomenata,4.4,1
Neochonetes (Zhongyingia) linshuiensis,Productida,Strophomenata,4.49,1
Rugaria nisalensis,Productida,Strophomenata,4.5,1
Quinquenella kuwaensis,Productida,Strophomenata,4.8,1
Neochonetes (Zhongyingia) linshuiensis,Productida,Strophomenata,4.84,1
Paryphella orbicularis,Productida,Strophomenata,4.9,0
Cathaysia sinuata,Productida,Strophomenata,5,1
Neochonetes (Zhongyingia) linshuiensis,Productida,Strophomenata,5.19,1
Cathaysia sinuata,Productida,Strophomenata,5.2,1
Neochonetes (Huangichonetes) cursothornia,Productida,Strophomenata,5.2,1
Transennatia termierorum,Productida,Strophomenata,5.3,1
Quinquenella kuwaensis,Productida,Strophomenata,5.5,1
Neochonetes (Zhongyingia) linshuiensis,Productida,Strophomenata,5.57,1
Neochonetes (Huangichonetes) cursothornia,Productida,Strophomenata,5.65,1
Falafer hunanensis,Productida,Strophomenata,5.7,1
Neochonetes (Zhongyingia) linshuiensis,Productida,Strophomenata,5.8,1
Costatumulus dongpanensis,Productida,Strophomenata,5.9,1
Quinquenella glabra,Productida,Strophomenata,6,1
Rugaria nisalensis,Productida,Strophomenata,6,1
Rugaria nisalensis,Productida,Strophomenata,6,1
Rugaria nisalensis,Productida,Strophomenata,6,1
Streptorhynchus pendulus,Orthotetida,Strophomenata,6,1
Caricula salebrosa,Productida,Strophomenata,6.2,1
Cathaysia sinuata,Productida,Strophomenata,6.2,1
Quinquenella glabra,Productida,Strophomenata,6.2,1
Cathaysia sinuata,Productida,Strophomenata,6.3,1
Fanichonetes campigia,Productida,Strophomenata,6.3,1
Neochonetes (Zhongyingia) linshuiensis,Productida,Strophomenata,6.4,1
Cathaysia sinuata,Productida,Strophomenata,6.5,1
Dongpanoproductus elegans,Productida,Strophomenata,6.5,1
Fanichonetes campigia,Productida,Strophomenata,6.5,1
Marginifera sexcostata,Productida,Strophomenata,6.5,1
Orthothetina ladina,Orthotetida,Strophomenata,6.5,1
Quinquenella glabra,Productida,Strophomenata,6.5,1
Tethyochonetes soochowensis,Productida,Strophomenata,6.5,1
Transennatia termierorum,Productida,Strophomenata,6.5,1
Neochonetes (Zhongyingia) linshuiensis,Productida,Strophomenata,6.57,1
Neochonetes (Zhongyingia) linshuiensis,Productida,Strophomenata,6.6,1
Transennatia termierorum,Productida,Strophomenata,6.6,1
Neochonetes (Zhongyingia) linshuiensis,Productida,Strophomenata,6.65,1
Marginifera sexcostata,Productida,Strophomenata,6.7,1
Quinquenella kuwaensis,Productida,Strophomenata,6.7,1
Neochonetes (Zhongyingia) linshuiensis,Productida,Strophomenata,6.83,1
Erismatina cooperi,Orthotetida,Strophomenata,7,1
Rugaria nisalensis,Productida,Strophomenata,7,1
Anidanthus mucronata,Productida,Strophomenata,7.2,1
Neochonetes (Huangichonetes) cursothornia,Productida,Strophomenata,7.2,1
Quinquenella glabra,Productida,Strophomenata,7.2,1
Tethyochonetes quadrata,Productida,Strophomenata,7.2,0
Costatumulus dongpanensis,Productida,Strophomenata,7.3,1
Lazarevonia arcuata,Productida,Strophomenata,7.4,1
Chonetella nasuta,Productida,Strophomenata,7.5,1
Fanichonetes campigia,Productida,Strophomenata,7.5,1
Marginalosia kalikotei,Productida,Strophomenata,7.5,1
Rugaria nisalensis,Productida,Strophomenata,7.5,1
Rugaria nisalensis,Productida,Strophomenata,7.5,1
Transennatia termierorum,Productida,Strophomenata,7.5,1
Waagenites aviculus,Productida,Strophomenata,7.5,1
Neochonetes (Zhongyingia) linshuiensis,Productida,Strophomenata,7.54,1
Neochonetes (Zhongyingia) linshuiensis,Productida,Strophomenata,7.54,1
Cathaysia sinuata,Productida,Strophomenata,7.6,1
Fanichonetes campigia,Productida,Strophomenata,7.6,1
Derbyia sulcata,Orthotetida,Strophomenata,7.7,1
Sulcirugaria transversa,Productida,Strophomenata,7.7,1
Transennatia termierorum,Productida,Strophomenata,7.7,1
Transennatia termierorum,Productida,Strophomenata,7.7,1
Anidanthus mucronata,Productida,Strophomenata,7.8,1
Anidanthus mucronata,Productida,Strophomenata,7.8,1
Haydenella tumida,Productida,Strophomenata,7.8,1
Cathaysia sinuata,Productida,Strophomenata,7.9,1
Anidanthus mucronata,Productida,Strophomenata,8,1
Rugaria nisalensis,Productida,Strophomenata,8,1
Rugaria nisalensis,Productida,Strophomenata,8,1
Rugaria nisalensis,Productida,Strophomenata,8,1
Spinomarginifera sulcata,Productida,Strophomenata,8,1
Streptorhynchus pendulus,Orthotetida,Strophomenata,8,1
Sulcirugaria transversa,Productida,Strophomenata,8,1
Anidanthus mucronata,Productida,Strophomenata,8.1,1
Caucasoproductus dichotomocostatus,Productida,Strophomenata,8.2,1
Dongpanoproductus elegans,Productida,Strophomenata,8.2,1
Fanichonetes campigia,Productida,Strophomenata,8.2,1
Lethamia collina,Productida,Strophomenata,8.2,1
Rugaria nisalensis,Productida,Strophomenata,8.2,1
Transennatia termierorum,Productida,Strophomenata,8.2,1
Anidanthus mucronata,Productida,Strophomenata,8.3,1
Anidanthus mucronata,Productida,Strophomenata,8.3,1
Transennatia termierorum,Productida,Strophomenata,8.3,1
Neochonetes (Zhongyingia) linshuiensis,Productida,Strophomenata,8.39,1
Anidanthus mucronata,Productida,Strophomenata,8.4,1
Marginalosia kalikotei,Productida,Strophomenata,8.5,1
Neorichthofenia mabutii,Productida,Strophomenata,8.5,1
Spinomarginifera plana,Productida,Strophomenata,8.5,1
Caucasoproductus dichotomocostatus,Productida,Strophomenata,8.6,1
Transennatia termierorum,Productida,Strophomenata,8.8,1
Lazarevonia arcuata,Productida,Strophomenata,9,1
Rugaria nisalensis,Productida,Strophomenata,9,1
Huatangia sulcatifera,Productida,Strophomenata,9.2,1
Marginifera elongata,Productida,Strophomenata,9.3,1
Ombonia tirolensis,Orthotetida,Strophomenata,9.3,1
Filiconcha auricula,Productida,Strophomenata,9.5,1
Lampangella lata,Productida,Strophomenata,9.5,0
Marginifera elongata,Productida,Strophomenata,9.5,1
Nambdoania papilionata,Productida,Strophomenata,9.5,1
Rugaria nisalensis,Productida,Strophomenata,9.5,1
Rugaria nisalensis,Productida,Strophomenata,9.5,1
Transennatia termierorum,Productida,Strophomenata,9.6,1
Fanichonetes campigia,Productida,Strophomenata,9.8,1
Costatumulus dongpanensis,Productida,Strophomenata,9.9,1
Dongpanoproductus elegans,Productida,Strophomenata,10,1
Echinalosia perforata,Productida,Strophomenata,10,1
Rugaria nisalensis,Productida,Strophomenata,10,1
Spinomarginifera sulcata,Productida,Strophomenata,10,1
Transennatia pitakpaivani,Productida,Strophomenata,10,1
Fanichonetes campigia,Productida,Strophomenata,10.1,1
Anidanthus mucronata,Productida,Strophomenata,10.4,1
Glyptosteges(?) percostatus,Productida,Strophomenata,10.5,1
Rugaria nisalensis,Productida,Strophomenata,10.5,1
Rugaria nisalensis,Productida,Strophomenata,10.5,1
Sulcirugaria subquadrata,Productida,Strophomenata,10.5,1
Anidanthus mucronata,Productida,Strophomenata,10.6,1
Capillomesolobus lissarensis,Productida,Strophomenata,10.6,1
Dongpanoproductus elegans,Productida,Strophomenata,10.7,1
Haydenella kiangsiensis,Productida,Strophomenata,10.7,1
Dongpanoproductus elegans,Productida,Strophomenata,10.8,1
Dongpanoproductus elegans,Productida,Strophomenata,10.8,1
Echinauriella jisuensiformis,Productida,Strophomenata,10.9,1
Lazarevonia arcuata,Productida,Strophomenata,11,1
Spinomarginifera plana,Productida,Strophomenata,11,1
Sulcirugaria subquadrata,Productida,Strophomenata,11,1
Anidanthus mucronata,Productida,Strophomenata,11.1,1
Dongpanoproductus elegans,Productida,Strophomenata,11.1,1
Haydenella tumida,Productida,Strophomenata,11.1,1
Anidanthus mucronata,Productida,Strophomenata,11.3,1
Orthothetina regularis,Orthotetida,Strophomenata,11.3,1
Chenxianoproductus nitens,Productida,Strophomenata,11.4,1
Cathaysia caucasica,Productida,Strophomenata,11.5,1
Erismatina cooperi,Orthotetida,Strophomenata,11.5,1
Filiconcha auricula,Productida,Strophomenata,11.5,1
Costatumulus dongpanensis,Productida,Strophomenata,11.9,1
Capillomesolobus lissarensis,Productida,Strophomenata,12,1
Dongpanoproductus elegans,Productida,Strophomenata,12,1
Lazarevonia arcuata,Productida,Strophomenata,12,1
Lazarevonia arcuata,Productida,Strophomenata,12,1
Lissochonetes bipartita,Productida,Strophomenata,12,1
Rugaria nisalensis,Productida,Strophomenata,12,1
Sulcirugaria subquadrata,Productida,Strophomenata,12,1
Sulcirugaria subquadrata,Productida,Strophomenata,12,1
Transennatia pitakpaivani,Productida,Strophomenata,12,1
Anidanthus mucronata,Productida,Strophomenata,12.1,1
Nikitinia licharewi,Productida,Strophomenata,12.1,1
Costatumulus dongpanensis,Productida,Strophomenata,12.2,1
Neorichthofenia mabutii,Productida,Strophomenata,12.2,1
Ombonia tirolensis,Orthotetida,Strophomenata,12.2,1
Orthothetina ladina,Orthotetida,Strophomenata,12.4,1
Coolkilella polliciformis,Productida,Strophomenata,12.5,1
Lazarevonia arcuata,Productida,Strophomenata,12.5,1
Orthothetina ladina,Orthotetida,Strophomenata,12.5,1
Sulcirugaria subquadrata,Productida,Strophomenata,12.5,1
Chenxianoproductus nitens,Productida,Strophomenata,12.6,1
Cathaysia caucasica,Productida,Strophomenata,12.7,1
Incisius huatangensis,Productida,Strophomenata,12.7,1
Ombonia tirolensis,Orthotetida,Strophomenata,12.7,1
Cathaysia beifengjingensis,Productida,Strophomenata,12.8,1
Cathaysia beifengjingensis,Productida,Strophomenata,13,1
Lethamia collina,Productida,Strophomenata,13,1
Strophalosia gerardi,Productida,Strophomenata,13,1
Tectarea robinsoni,Productida,Strophomenata,13,1
Huatangia sulcatifera,Productida,Strophomenata,13.1,1
Capillomesolobus lissarensis,Productida,Strophomenata,13.3,1
Lazarevonia arcuata,Productida,Strophomenata,13.3,1
Chonetinella unisulcata,Productida,Strophomenata,13.4,1
Spinomarginifera helica,Productida,Strophomenata,13.4,1
Filiconcha auricula,Productida,Strophomenata,13.5,1
Filiconcha auricula,Productida,Strophomenata,13.5,1
Filiconcha auricula,Productida,Strophomenata,13.5,1
Lazarevonia arcuata,Productida,Strophomenata,13.5,1
Lazarevonia arcuata,Productida,Strophomenata,13.5,1
Lazarevonia arcuata,Productida,Strophomenata,13.5,1
Lethamia collina,Productida,Strophomenata,13.5,1
Megasteges nepalensis,Productida,Strophomenata,13.5,1
Neorichthofenia mabutii,Productida,Strophomenata,13.5,1
Nikitinia licharewi,Productida,Strophomenata,13.5,1
Anidanthus mucronata,Productida,Strophomenata,13.6,1
Anidanthus sinosus,Productida,Strophomenata,13.6,1
Spinomarginifera chengyaoyenensis,Productida,Strophomenata,13.6,1
Paryphella orbicularis,Productida,Strophomenata,13.8,0
Anidanthus mucronata,Productida,Strophomenata,13.9,1
Chonetinella unisulcata,Productida,Strophomenata,13.9,1
Caucasoproductus dichotomocostatus,Productida,Strophomenata,14,1
Spinomarginifera plana,Productida,Strophomenata,14,1
Cancrinella cancriniformis,Productida,Strophomenata,14.2,1
Dongpanoproductus elegans,Productida,Strophomenata,14.2,1
Strophalosiina chenxianensis,Productida,Strophomenata,14.4,1
Tethysiella urushtensis,Productida,Strophomenata,14.4,1
Lazarevonia arcuata,Productida,Strophomenata,14.5,1
Neorichthofenia mabutii,Productida,Strophomenata,14.5,1
Spinomarginifera ciliata,Productida,Strophomenata,14.5,1
Strophalosiina multicostata,Productida,Strophomenata,14.5,1
Chonetella nasuta,Productida,Strophomenata,14.7,1
Costatumulus dongpanensis,Productida,Strophomenata,14.8,1
Huatangia sulcatifera,Productida,Strophomenata,14.8,1
Retimarginifera xizangensis,Productida,Strophomenata,14.8,1
Costatumulus dongpanensis,Productida,Strophomenata,14.9,1
Spinomarginifera intercedens,Productida,Strophomenata,14.9,1
Echinalosia perforata,Productida,Strophomenata,15,1
Filiconcha auricula,Productida,Strophomenata,15,1
Filiconcha auricula,Productida,Strophomenata,15,1
Marginifera (Marginifera) ornata,Productida,Strophomenata,15,1
Tectarea robinsoni,Productida,Strophomenata,15,1
Costatumulus dongpanensis,Productida,Strophomenata,15.2,1
Chonetinella unisulcata,Productida,Strophomenata,15.3,1
Lazarevonia arcuata,Productida,Strophomenata,15.3,1
Echinalosia indica,Productida,Strophomenata,15.5,1
Lazarevonia arcuata,Productida,Strophomenata,15.5,1
Lazarevonia arcuata,Productida,Strophomenata,15.5,1
Lazarevonia arcuata,Productida,Strophomenata,15.5,1
Costatumulus dongpanensis,Productida,Strophomenata,15.8,1
Spinomarginifera helica,Productida,Strophomenata,15.8,1
Coolkilella khangsarensis,Productida,Strophomenata,16,1
Echinalosia perforata,Productida,Strophomenata,16,1
Filiconcha auricula,Productida,Strophomenata,16,1
Geyerella distorta,Orthotetida,Strophomenata,16,1
Lazarevonia arcuata,Productida,Strophomenata,16,1
Marginalosia kalikotei,Productida,Strophomenata,16,1
Tectarea robinsoni,Productida,Strophomenata,16,1
Perigeyerella guangxiensis,Orthotetida,Strophomenata,16.3,1
Echinalosia perforata,Productida,Strophomenata,16.5,1
Echinalosia perforata,Productida,Strophomenata,16.5,1
Lazarevonia arcuata,Productida,Strophomenata,16.5,1
Marginifera elongata,Productida,Strophomenata,16.6,1
Schuchertella fushuiensis,Orthotetida,Strophomenata,16.6,1
Spinomarginifera sichuanensis,Productida,Strophomenata,16.7,1
Strophalosiina chenxianensis,Productida,Strophomenata,16.7,1
Schuchertella fushuiensis,Orthotetida,Strophomenata,16.8,1
Tethysiella urushtensis,Productida,Strophomenata,16.8,1
Lazarevonia arcuata,Productida,Strophomenata,17,1
Anidanthus fusiformis,Productida,Strophomenata,17.4,1
Chenxianoproductus nitens,Productida,Strophomenata,17.5,1
Costatumulus dongpanensis,Productida,Strophomenata,17.5,1
Echinalosia perforata,Productida,Strophomenata,17.5,1
Filiconcha auricula,Productida,Strophomenata,17.5,1
Spinomarginifera helica,Productida,Strophomenata,17.5,1
Tectarea robinsoni,Productida,Strophomenata,17.5,1
Tectarea robinsoni,Productida,Strophomenata,17.5,1
Tschernyschewia sinensis,Productida,Strophomenata,17.5,1
Richthofenia caucasica,Productida,Strophomenata,17.6,1
Geyerella distorta,Orthotetida,Strophomenata,17.7,1
Spinomarginifera jiaozishanensis,Productida,Strophomenata,17.7,1
Tethysiella urushtensis,Productida,Strophomenata,17.9,1
Anidanthus fusiformis,Productida,Strophomenata,18,1
Arctitreta percostata,Orthotetida,Strophomenata,18,1
Compressoproductus mongolicus,Productida,Strophomenata,18,1
Echinauris opuntia,Productida,Strophomenata,18,1
Erismatina cooperi,Orthotetida,Strophomenata,18,1
Filiconcha auricula,Productida,Strophomenata,18,1
Kiangsiella distortus,Orthotetida,Strophomenata,18,1
Lazarevonia arcuata,Productida,Strophomenata,18,1
Lazarevonia arcuata,Productida,Strophomenata,18,1
Orthotetes bisulcatus,Orthotetida,Strophomenata,18,1
Orthothetina exquisita,Orthotetida,Strophomenata,18,1
Streptorhynchus ovata,Orthotetida,Strophomenata,18.1,1
Platycancrinella grandauris,Productida,Strophomenata,18.5,1
Anidanthus sinosus,Productida,Strophomenata,18.8,1
Derbyia sulcata,Orthotetida,Strophomenata,18.8,1
Nambdoania papilionata,Productida,Strophomenata,19,1
Streptorhynchus plata,Orthotetida,Strophomenata,19,1
Huatangia sulcatifera,Productida,Strophomenata,19.2,1
Spinomarginifera helica,Productida,Strophomenata,19.2,1
Haydenella kiangsiensis,Productida,Strophomenata,19.4,1
Echinalosia perforata,Productida,Strophomenata,19.5,1
Perigeyerella guangxiensis,Orthotetida,Strophomenata,19.5,1
Marginalosia kalikotei,Productida,Strophomenata,20,1
Streptorhynchus plata,Orthotetida,Strophomenata,20,1
Stepanoviella paracurvata,Productida,Strophomenata,20.1,1
Costatumulus dongpanensis,Productida,Strophomenata,20.4,1
Haydenella paradoxica,Productida,Strophomenata,20.5,1
Marginalosia kalikotei,Productida,Strophomenata,20.5,1
Scacchinella yakowlewi,Productida,Strophomenata,20.5,1
Schuchertella fushuiensis,Orthotetida,Strophomenata,20.5,1
Stepanoviella paracurvata,Productida,Strophomenata,20.6,1
Schuchertella fushuiensis,Orthotetida,Strophomenata,20.7,1
Arctitreta percostata,Orthotetida,Strophomenata,21,1
Derbyia regularis,Orthotetida,Strophomenata,21,1
Echinalosia perforata,Productida,Strophomenata,21,1
Marginalosia kalikotei,Productida,Strophomenata,21.5,1
Derbyia nigpi,Orthotetida,Strophomenata,21.6,1
Schuchertella fushuiensis,Orthotetida,Strophomenata,21.7,1
Tropidelasma zhongliangshanensis,Orthotetida,Strophomenata,21.7,1
Derbyia guidingensis,Orthotetida,Strophomenata,21.9,1
Leptodus deminutus,Productida,Strophomenata,21.9,1
Leptodus deminutus,Productida,Strophomenata,21.9,1
Compressoproductus planus,Productida,Strophomenata,22,1
Erismatina cooperi,Orthotetida,Strophomenata,22,1
Marginalosia kalikotei,Productida,Strophomenata,22,1
Nisalaria inflata,Productida,Strophomenata,22,1
Richthofenia tilita,Productida,Strophomenata,22,1
Schuchertella fushuiensis,Orthotetida,Strophomenata,22,1
Tropidelasma zhongliangshanensis,Orthotetida,Strophomenata,22.2,1
Costatumulus dongpanensis,Productida,Strophomenata,22.3,1
Retimarginifera xizangensis,Productida,Strophomenata,22.3,1
Derbyia guidingensis,Orthotetida,Strophomenata,22.4,1
Marginalosia kalikotei,Productida,Strophomenata,22.5,1
Marginalosia kalikotei,Productida,Strophomenata,22.5,1
Marginalosia kalikotei,Productida,Strophomenata,22.5,1
Platycancrinella grandauris,Productida,Strophomenata,22.5,1
Orthothetina ladina,Orthotetida,Strophomenata,22.7,1
Derbyia regularis,Orthotetida,Strophomenata,22.9,1
Anidanthus fusiformis,Productida,Strophomenata,23,1
Marginalosia kalikotei,Productida,Strophomenata,23,1
Marginalosia kalikotei,Productida,Strophomenata,23,1
Meekella dongluoensis,Orthotetida,Strophomenata,23.2,1
Costatumulus dongpanensis,Productida,Strophomenata,23.4,1
Compressoproductus planus,Productida,Strophomenata,23.5,1
Coolkilella polliciformis,Productida,Strophomenata,23.5,1
Marginalosia kalikotei,Productida,Strophomenata,23.5,1
Schuchertella fushuiensis,Orthotetida,Strophomenata,23.7,1
Tropidelasma elongata,Orthotetida,Strophomenata,23.7,1
Derbyia nigpi,Orthotetida,Strophomenata,23.9,1
Erismatina cooperi,Orthotetida,Strophomenata,24,1
Erismatina cooperi,Orthotetida,Strophomenata,24,1
Haydenella paradoxica,Productida,Strophomenata,24,1
Marginalosia kalikotei,Productida,Strophomenata,24,1
Marginalosia kalikotei,Productida,Strophomenata,24,1
Marginalosia kalikotei,Productida,Strophomenata,24,1
Marginalosia kalikotei,Productida,Strophomenata,24,1
Nisalaria inflata,Productida,Strophomenata,24,1
Orthothetina ruber,Orthotetida,Strophomenata,24,1
Marginalosia kalikotei,Productida,Strophomenata,24.5,1
Marginalosia kalikotei,Productida,Strophomenata,24.5,1
Schuchertella fushuiensis,Orthotetida,Strophomenata,24.6,1
Schuchertella fushuiensis,Orthotetida,Strophomenata,24.7,1
Tschernyschewia sinensis,Productida,Strophomenata,24.7,1
Compressoproductus pentagonalis,Productida,Strophomenata,25,1
Marginalosia kalikotei,Productida,Strophomenata,25,1
Marginalosia kalikotei,Productida,Strophomenata,25,1
Marginalosia kalikotei,Productida,Strophomenata,25,1
Marginalosia kalikotei,Productida,Strophomenata,25,1
Meekella dongluoensis,Orthotetida,Strophomenata,25,1
Marginalosia kalikotei,Productida,Strophomenata,25.5,1
Spinomarginifera ciliata,Productida,Strophomenata,25.5,1
Tropidelasma elongata,Orthotetida,Strophomenata,25.7,1
Meekella dongluoensis,Orthotetida,Strophomenata,25.8,1
Derbyia nigpi,Orthotetida,Strophomenata,25.9,1
Stepanoviella paracurvata,Productida,Strophomenata,25.9,1
Streptorhynchus ovata,Orthotetida,Strophomenata,25.9,1
Haydenella paradoxica,Productida,Strophomenata,26,1
Marginalosia kalikotei,Productida,Strophomenata,26,1
Marginalosia kalikotei,Productida,Strophomenata,26,1
Meekella dongluoensis,Orthotetida,Strophomenata,26,1
Perigeyerella guangxiensis,Orthotetida,Strophomenata,26,1
Perigeyerella guangxiensis,Orthotetida,Strophomenata,26,1
Streptorhynchus ovata,Orthotetida,Strophomenata,26.1,1
Derbyia nigpi,Orthotetida,Strophomenata,26.4,1
Compressoproductus planus,Productida,Strophomenata,26.5,1
Coolkilella polliciformis,Productida,Strophomenata,26.5,1
Lialosia(?) ovata,Productida,Strophomenata,26.5,1
Marginalosia kalikotei,Productida,Strophomenata,26.5,1
Marginalosia kalikotei,Productida,Strophomenata,26.5,1
Marginalosia kalikotei,Productida,Strophomenata,26.5,1
Marginalosia kalikotei,Productida,Strophomenata,26.5,1
Orthothetina glausi,Orthotetida,Strophomenata,26.5,1
Perigeyerella guangxiensis,Orthotetida,Strophomenata,26.6,1
Richthofenia guangdeensis,Productida,Strophomenata,26.8,1
Lialosia(?) ovata,Productida,Strophomenata,27,1
Marginalosia kalikotei,Productida,Strophomenata,27,1
Marginalosia kalikotei,Productida,Strophomenata,27,1
Marginalosia kalikotei,Productida,Strophomenata,27,1
Marginalosia kalikotei,Productida,Strophomenata,27,1
Nisalaria inflata,Productida,Strophomenata,27,1
Meekella dongluoensis,Orthotetida,Strophomenata,27.4,1
Marginalosia kalikotei,Productida,Strophomenata,27.5,1
Marginalosia kalikotei,Productida,Strophomenata,27.5,1
Wyndhamia gijigensis,Productida,Strophomenata,27.5,1
Orthothetina glausi,Orthotetida,Strophomenata,27.6,1
Schuchertella semiplana,Orthotetida,Strophomenata,27.7,1
Megasteges dalhousi,Productida,Strophomenata,27.8,1
Coolkilella khangsarensis,Productida,Strophomenata,28,1
Marginalosia kalikotei,Productida,Strophomenata,28,1
Marginalosia kalikotei,Productida,Strophomenata,28,1
Marginalosia kalikotei,Productida,Strophomenata,28,1
Marginalosia kalikotei,Productida,Strophomenata,28.5,1
Perigeyerella costellata,Orthotetida,Strophomenata,28.8,1
Perigeyerella guangxiensis,Orthotetida,Strophomenata,28.9,1
Arctitreta percostata,Orthotetida,Strophomenata,29,1
Coolkilella khangsarensis,Productida,Strophomenata,29,1
Derbyia nigpi,Orthotetida,Strophomenata,29,1
Marginalosia kalikotei,Productida,Strophomenata,29,1
Marginalosia kalikotei,Productida,Strophomenata,29,1
Nambdoania papilionata,Productida,Strophomenata,29,1
Nambdoania papilionata,Productida,Strophomenata,29,1
Platycancrinella grandauris,Productida,Strophomenata,29,1
Streptorhynchus plata,Orthotetida,Strophomenata,29,1
Streptorhynchus ovata,Orthotetida,Strophomenata,29.3,1
Marginalosia kalikotei,Productida,Strophomenata,29.5,1
Marginalosia kalikotei,Productida,Strophomenata,29.5,1
Orthothetina rara,Orthotetida,Strophomenata,29.5,1
Stepanoviella paracurvata,Productida,Strophomenata,29.7,1
Linoproductus tingriensis,Productida,Strophomenata,30,1
Marginalosia kalikotei,Productida,Strophomenata,30,1
Marginalosia kalikotei,Productida,Strophomenata,30,1
Marginalosia kalikotei,Productida,Strophomenata,30,1
Meekella dongluoensis,Orthotetida,Strophomenata,30,1
Megasteges nepalensis,Productida,Strophomenata,30,1
Platycancrinella grandauris,Productida,Strophomenata,30,1
Sarytchevinella tenuissima,Productida,Strophomenata,30,1
Marginalosia kalikotei,Productida,Strophomenata,30.5,1
Perigeyerella guangxiensis,Orthotetida,Strophomenata,30.5,1
Costiferina indica,Productida,Strophomenata,30.7,1
Megasteges dalhousi,Productida,Strophomenata,30.8,1
Chenxianoproductus intercedens,Productida,Strophomenata,31,1
Marginalosia kalikotei,Productida,Strophomenata,31,1
Marginalosia kalikotei,Productida,Strophomenata,31,1
Marginalosia kalikotei,Productida,Strophomenata,31,1
Marginalosia kalikotei,Productida,Strophomenata,31,1
Marginalosia kalikotei,Productida,Strophomenata,31,1
Nambdoania papilionata,Productida,Strophomenata,31,1
Nambdoania papilionata,Productida,Strophomenata,31,1
Perigeyerella guangxiensis,Orthotetida,Strophomenata,31,1
Scacchinella yakowlewi,Productida,Strophomenata,31,1
Streptorhynchus plata,Orthotetida,Strophomenata,31,1
Streptorhynchus plata,Orthotetida,Strophomenata,31,1
Linoproductus tingriensis,Productida,Strophomenata,31.2,1
Perigeyerella fastigiata,Orthotetida,Strophomenata,31.2,1
Leptodus cancriniformis,Productida,Strophomenata,31.3,1
Wyndhamia gijigensis,Productida,Strophomenata,31.3,1
Perigeyerella guangxiensis,Orthotetida,Strophomenata,31.4,1
Coolkilella khangsarensis,Productida,Strophomenata,31.5,1
Marginalosia kalikotei,Productida,Strophomenata,31.5,1
Derbyia nigpi,Orthotetida,Strophomenata,31.8,1
Tyloplecta yangtzeensis,Productida,Strophomenata,31.8,1
Biplatyconcha grandis,Productida,Strophomenata,32,1
Marginalosia kalikotei,Productida,Strophomenata,32,1
Nambdoania papilionata,Productida,Strophomenata,32,1
Nambdoania papilionata,Productida,Strophomenata,32,1
Streptorhynchus ovata,Orthotetida,Strophomenata,32,1
Marginalosia kalikotei,Productida,Strophomenata,32.5,1
Marginalosia kalikotei,Productida,Strophomenata,33,1
Marginalosia kalikotei,Productida,Strophomenata,33,1
Marginalosia kalikotei,Productida,Strophomenata,33,1
Nambdoania papilionata,Productida,Strophomenata,33,1
Platycancrinella grandauris,Productida,Strophomenata,33,1
Tyloplecta persica,Productida,Strophomenata,33,1
Wyndhamia gijigensis,Productida,Strophomenata,33.2,1
Marginalosia kalikotei,Productida,Strophomenata,33.5,1
Megasteges dalhousi,Productida,Strophomenata,33.7,1
Tropidelasma elongata,Orthotetida,Strophomenata,33.7,1
Tropidelasma elongata,Orthotetida,Strophomenata,33.7,1
Marginalosia kalikotei,Productida,Strophomenata,34,1
Meekella deltoides,Orthotetida,Strophomenata,34,1
Wyndhamia gijigensis,Productida,Strophomenata,34.2,1
Orthothetina ellipsoides,Orthotetida,Strophomenata,34.4,1
Nambdoania papilionata,Productida,Strophomenata,34.5,1
Scacchinella licharewi,Productida,Strophomenata,34.5,1
Biplatyconcha grandis,Productida,Strophomenata,35,1
Marginalosia kalikotei,Productida,Strophomenata,35,1
Licharewiconcha subsinuatus,Productida,Strophomenata,35.3,1
Marginalosia kalikotei,Productida,Strophomenata,35.5,1
Erismatina cooperi,Orthotetida,Strophomenata,36,1
Tyloplecta persica,Productida,Strophomenata,36.3,1
Labaella bajarunassi,Productida,Strophomenata,36.5,1
Marginalosia kalikotei,Productida,Strophomenata,36.5,1
Compressoproductus mongolicus,Productida,Strophomenata,36.55,1
Marginalosia kalikotei,Productida,Strophomenata,37,1
Marginalosia kalikotei,Productida,Strophomenata,37,1
Derbyia pannuciella,Orthotetida,Strophomenata,37.4,1
Licharewiconcha subsinuatus,Productida,Strophomenata,37.7,1
Arctitreta percostata,Orthotetida,Strophomenata,38,1
Meekella kueichowensis,Orthotetida,Strophomenata,38,1
Licharewiconcha subsinuatus,Productida,Strophomenata,38.2,1
Wyndhamia gijigensis,Productida,Strophomenata,38.2,1
Lialosia(?) ovata,Productida,Strophomenata,38.5,1
Perigeyerella altilosina,Orthotetida,Strophomenata,38.8,1
Arctitreta percostata,Orthotetida,Strophomenata,39,1
Arctitreta percostata,Orthotetida,Strophomenata,39,1
Arctitreta percostata,Orthotetida,Strophomenata,39,1
Megasteges nepalensis,Productida,Strophomenata,39,1
Biplatyconcha grandis,Productida,Strophomenata,39.5,1
Tropidelasma elongata,Orthotetida,Strophomenata,39.9,1
Arctitreta percostata,Orthotetida,Strophomenata,40,1
Costiferina indica,Productida,Strophomenata,40,1
Erismatina cooperi,Orthotetida,Strophomenata,40,1
Marginalosia kalikotei,Productida,Strophomenata,40,1
Ombonia capilla,Orthotetida,Strophomenata,40,1
Marginalosia kalikotei,Productida,Strophomenata,40.5,1
Perigeyerella guangxiensis,Orthotetida,Strophomenata,40.7,1
Biplatyconcha grandis,Productida,Strophomenata,41,1
Tyloplecta yangtzeensis,Productida,Strophomenata,41,1
Costiferina indica,Productida,Strophomenata,41.5,1
Ombonia capilla,Orthotetida,Strophomenata,41.6,1
Linoproductus crassicostina,Productida,Strophomenata,42,1
Megasteges nepalensis,Productida,Strophomenata,42,1
Tyloplecta persica,Productida,Strophomenata,42,1
Costiferina aratus,Productida,Strophomenata,42.2,1
Megasteges nepalensis,Productida,Strophomenata,43,1
Megasteges nepalensis,Productida,Strophomenata,43,1
Meekella dongluoensis,Orthotetida,Strophomenata,43.2,1
Tyloplecta yangtzeensis,Productida,Strophomenata,44.3,1
Biplatyconcha grandis,Productida,Strophomenata,45,1
Labaella bajarunassi,Productida,Strophomenata,45.5,1
Biplatyconcha grandis,Productida,Strophomenata,46,1
Leptodus huangi,Productida,Strophomenata,46,1
Megasteges nepalensis,Productida,Strophomenata,46,1
Megasteges nepalensis,Productida,Strophomenata,46,1
Costiferina indica,Productida,Strophomenata,46.4,1
Costiferina subcostata,Productida,Strophomenata,47,1
Megasteges nepalensis,Productida,Strophomenata,48,1
Oldhamina squamosa,Productida,Strophomenata,48.2,1
Biplatyconcha grandis,Productida,Strophomenata,48.4,1
Megasteges nepalensis,Productida,Strophomenata,49,1
Megasteges nepalensis,Productida,Strophomenata,49,1
Tropidelasma elongata,Orthotetida,Strophomenata,49,1
Tyloplecta yangtzeensis,Productida,Strophomenata,49,1
Costiferina indica,Productida,Strophomenata,50,1
Derbyia regularis minor,Orthotetida,Strophomenata,50,1
Leptodus nobilis,Productida,Strophomenata,51.4,1
Costiferina alatus,Productida,Strophomenata,52,1
Meekella sichuanensis,Orthotetida,Strophomenata,52.1,1
Biplatyconcha grandis,Productida,Strophomenata,53,1
Linoproductus crassicostina,Productida,Strophomenata,53,1
Linoproductus crassicostina,Productida,Strophomenata,53,1
Megasteges nepalensis,Productida,Strophomenata,53,1
Megasteges nepalensis,Productida,Strophomenata,54,1
Megasteges nepalensis,Productida,Strophomenata,54,1
Meekella perigeyerelloides,Orthotetida,Strophomenata,54.3,1
Arctitreta percostata,Orthotetida,Strophomenata,55,1
Biplatyconcha grandis,Productida,Strophomenata,55,1
Biplatyconcha grandis,Productida,Strophomenata,55,1
Megasteges nepalensis,Productida,Strophomenata,55,1
Biplatyconcha grandis,Productida,Strophomenata,55.5,1
Biplatyconcha grandis,Productida,Strophomenata,57,1
Derbyia regularis minor,Orthotetida,Strophomenata,57,1
Meekella langdaiensis,Orthotetida,Strophomenata,57.2,1
Arctitreta percostata,Orthotetida,Strophomenata,58,1
Megasteges nepalensis,Productida,Strophomenata,58,1
Megasteges nepalensis,Productida,Strophomenata,58,1
Saeptathaerus latus,Productida,Strophomenata,58,1
Waagenoconcha wardlawi,Productida,Strophomenata,58,1
Biplatyconcha grandis,Productida,Strophomenata,59,1
Linoproductus crassicostina,Productida,Strophomenata,59,1
Biplatyconcha grandis,Productida,Strophomenata,59.2,1
Biplatyconcha grandis,Productida,Strophomenata,60,1
Biplatyconcha grandis,Productida,Strophomenata,60,1
Biplatyconcha grandis,Productida,Strophomenata,60,1
Biplatyconcha grandis,Productida,Strophomenata,60,1
Megasteges nepalensis,Productida,Strophomenata,60,1
Megasteges nepalensis,Productida,Strophomenata,60,1
Biplatyconcha grandis,Productida,Strophomenata,61,1
Megasteges nepalensis,Productida,Strophomenata,61,1
Streptorhynchus tibetanus,Orthotetida,Strophomenata,61,1
Megasteges nepalensis,Productida,Strophomenata,62,1
Megasteges nepalensis,Productida,Strophomenata,63,1
Megasteges nepalensis,Productida,Strophomenata,64,1
Taeniothaerus qubuensis,Productida,Strophomenata,64,1
Megasteges nepalensis,Productida,Strophomenata,66,1
Oldhamina squamosa,Productida,Strophomenata,67,1
Costiferina indica,Productida,Strophomenata,67.3,1
Megasteges nepalensis,Productida,Strophomenata,69,1
Waagenoconcha wardlawi,Productida,Strophomenata,70,1
Oldhamina squamosa,Productida,Strophomenata,72,1
Biplatyconcha grandis,Productida,Strophomenata,75,1
Saeptathaerus latus,Productida,Strophomenata,78,1
Oldhamina squamosa,Productida,Strophomenata,87,1
Fostericoncha gigantea,Productida,Strophomenata,93,1
Leptodus nobilis,Productida,Strophomenata,99.5,1
